	1ezq_RPR_LIG	1f0r_815_LIG	1f0s_PR2_LIG	1fax_DX9_LIG	1g2l_T87_LIG	1g2m_R11_LIG	1ioe_XMA_LIG	1iqe_XMB_LIG	1iqf_XMD_LIG	1iqg_XME_LIG	1iqh_XMF_LIG	1iqi_XMG_LIG	1iqj_XMH_LIG	1iqk_XMI_LIG	1iql_XMJ_LIG	1iqm_XMK_LIG	1iqn_XMC_LIG	1ksn_FXV_LIG	1mq5_XLC_LIG	1mq6_XLD_LIG	1nfu_RRP_LIG	1nfw_RRR_LIG	1nfx_RDR_LIG	1nfy_RTR_LIG	1v3x_D76_LIG	1wu1_D91_LIG	1xka_4PP_LIG	1z6e_IK8_LIG	2bok_784_LIG	2cji_GSK_LIG	2d1j_D01_LIG	2ei6_D92_LIG	2ei7_D93_LIG	2ei8_DT8_LIG	2fzz_5QC_LIG	2g00_4QC_LIG	2h9e_DTY_LIG	2j2u_GSQ_LIG	2j34_GS6_LIG	2j38_GS5_LIG	2j94_G15_LIG	2j95_GSX_LIG	2jkh_BI7_LIG	2p16_GG2_LIG	2p93_ME1_LIG	2p94_ME4_LIG	2p95_ME5_LIG	2phb_230_LIG	2pr3_237_LIG	2q1j_FXI_LIG	2ra0_JNJ_LIG	2uwl_895_LIG	2uwo_701_LIG	2uwp_894_LIG	2vh0_GSI_LIG	2vvc_LZF_LIG	2vvu_H22_LIG	2vwl_LZH_LIG	2vwm_LZI_LIG	2vwn_H25_LIG	2vwo_LZG_LIG	2w26_RIV_LIG	2w3i_L1C_LIG	2w3k_L1D_LIG	2wyg_461_LIG	2wyj_898_LIG	2xbv_XBV_LIG	2xbw_455_LIG	2xbx_RR8_LIG	2xby_63C_LIG	2xc0_8NC_LIG	2xc4_IVK_LIG	2xc5_OYJ_LIG	2y5f_XWG_LIG	2y5g_FJD_LIG	2y5h_Y5H_LIG	2y7x_MZA_LIG	2y7z_C0Z_LIG	2y80_439_LIG	2y81_931_LIG	2y82_930_LIG	3cen_FXA_LIG	3cs7_LG0_LIG	3ffg_FFG_LIG	3iit_D14_LIG	3kl6_443_LIG	3kqb_LGJ_LIG	3kqc_LGK_LIG	3kqd_LGL_LIG	3kqe_LGM_LIG	3liw_RUP_LIG	3m36_M35_LIG	3m37_M37_LIG	3q3k_D90_LIG	3tk5_D1Q_LIG	3tk6_D46_LIG	4y6d_48U_LIG	4y71_48W_LIG	4y76_4O1_LIG	4y79_4O6_LIG	4y7a_987_LIG	4y7b_44I_LIG	4zh8_4O4_LIG	4zha_4O5_LIG	5k0h_6PK_LIG	5vof_RIV_LIG
complex_1	1.65987	1.26491	1.34329	10.15201	1.77693	1.93674	1.05296	9.75465	8.99362	0.84848	1.49603	9.64639	9.24801	1.64179	1.95726	1.59825	2.30921	0.41661	10.38895	3.22266	8.55534	0.44443	8.72816	8.36674	9.33859	0.42834	8.73575	3.46739	8.79391	8.85999	1.8083	7.60962	1.54114	7.86182	1.56477	1.62001	9.41851	7.86658	8.76558	9.12734	9.51235	9.43801	8.43126	0.85107	1.80112	2.62316	4.7559	3.17672	0.68422	1.32699	1.39455	8.3257	8.64255	8.18287	2.29021	1.50948	1.09022	1.69722	1.69198	1.21321	1.12563	1.71948	6.47247	0.73446	2.07073	4.19894	6.40553	6.3826	1.83529	0.95037	7.06129	6.38573	6.70378	8.14081	9.18694	8.00561	9.31771	9.65002	9.29005	3.90799	9.20959	1.98087	0.9615	1.98055	7.71951	1.0184	1.92403	1.76054	1.82687	1.74859	9.11823	2.25337	2.22429	1.75673	11.78981	10.54781	1.94777	9.44364	7.86533	7.92605	8.98897	8.60528	8.26214	2.94161	6.15772	8.22343
step1_200.xyz_1	1.65077	1.28432	1.38274	10.14038	1.76443	1.96212	1.07939	9.69726	8.89358	0.83237	1.44536	9.69634	9.13986	1.56691	1.93585	1.62585	2.30286	0.43286	10.32156	3.20767	8.66701	0.47802	8.79913	8.4357	9.55903	0.46757	8.74	3.61306	8.87488	8.8469	1.90439	7.78886	1.59035	7.96	1.5157	1.58899	9.64551	7.96156	8.89364	9.23234	9.58813	9.48461	8.53462	0.82123	1.78344	2.59635	4.94597	3.19369	0.64312	1.31451	1.3527	8.4185	8.68423	8.30227	2.39256	1.55032	1.23882	1.84796	1.75252	1.368	1.29186	1.72073	6.52519	0.75543	2.03284	4.22131	6.57459	6.48457	1.84244	1.07739	7.17239	6.48561	6.85399	8.24645	9.32066	8.27838	9.51747	9.81215	9.42072	3.86561	9.32633	2.01646	0.93664	2.08335	7.87746	0.96271	1.90836	1.87731	1.91004	1.84961	9.10328	2.23239	2.22266	1.81364	11.76712	10.59553	1.89108	9.57682	7.94303	8.05512	9.05793	8.72476	8.42138	2.99701	6.17186	8.42483
step2_200_2000_5.0_16930.xyz_1	1.98709	2.47363	1.47514	15.22577	4.78871	3.06098	1.50699	10.29571	9.66644	3.226	6.45049	10.17983	9.96193	2.09456	13.49982	3.73297	4.19436	3.00625	10.86958	3.50775	13.40018	2.14105	8.88919	9.28191	15.97981	2.70455	8.61497	4.67148	9.11101	9.56464	2.84252	8.26168	2.75578	7.99	10.52655	4.14514	7.55503	7.11203	9.35002	9.50255	9.14532	9.87998	7.90349	3.49522	4.38322	3.4014	5.33813	4.5816	2.4409	2.72486	3.63832	8.35866	8.91616	8.14822	3.83337	2.43366	2.62117	3.33134	4.11492	3.17966	4.70195	4.442	6.96478	2.10667	4.57316	6.54207	6.4452	6.63968	2.98432	5.0525	8.1458	6.12136	6.41985	8.12016	9.32805	7.15946	10.05762	10.75087	9.83838	10.59028	9.50375	2.67831	2.95317	12.50174	8.48572	2.4566	3.18137	3.15825	3.191	3.22749	9.89365	4.26219	4.00739	14.53984	11.29721	10.95483	3.2834	15.24402	7.69773	7.51995	8.81203	9.75689	9.02692	10.48121	6.85031	10.06805
step2_200_2000_5.0_2177.xyz_1	1.80584	15.36265	2.57393	9.79262	3.09271	1.81138	1.58436	9.67284	9.6869	11.14596	3.42231	9.82555	9.31925	3.88702	2.91751	3.10503	1.87103	10.07117	10.04756	2.36207	8.6405	3.47465	9.77645	8.6827	10.12556	3.00441	8.20171	3.81201	9.61745	10.12519	1.8015	8.22981	2.90181	8.30026	10.44814	3.16924	11.70841	7.56172	8.7165	9.50231	10.23036	9.44605	8.7201	2.15381	1.76239	3.15922	5.18383	4.22678	1.66796	1.78346	6.0482	8.01329	8.6633	8.84337	2.49586	3.99608	1.5588	4.07022	2.63807	2.06222	1.25636	2.28381	5.95085	2.49187	4.94261	5.99438	6.48422	5.60727	2.40119	1.95314	6.8674	5.4264	6.61271	8.52813	9.41476	7.78856	9.42605	11.82878	9.61192	5.23962	10.82869	2.54485	1.21173	1.97949	8.10034	2.28481	2.0863	3.29142	2.72266	3.09438	9.44332	3.4941	3.48444	2.66099	10.71311	10.58645	1.96572	9.717	8.29711	8.7653	9.13602	8.87544	8.69036	3.56926	6.12637	9.71254
step2_200_2000_5.0_27766.xyz_1	2.55225	1.90827	1.556	9.87394	2.65454	6.27408	3.39147	9.54247	10.79143	2.1807	2.31167	9.565	11.48187	14.03155	2.17147	1.23939	1.74686	1.36955	11.55336	2.50464	9.17842	10.34083	8.67905	8.93414	9.44462	7.79904	7.39026	4.08215	9.00992	8.50625	7.26157	13.39993	10.82393	8.6174	1.01121	1.27906	8.1363	8.06561	7.77399	8.94534	10.15074	8.67676	13.4736	1.58805	1.99065	14.39427	5.14578	3.52347	2.54939	2.4156	1.79548	7.22867	10.31441	10.14251	3.31031	1.77083	1.8876	1.8336	3.20782	5.18899	4.20152	2.2804	8.47428	3.26336	1.70891	2.38066	6.67179	6.13633	3.97496	1.26015	8.13827	6.7743	7.35325	11.71466	11.12065	8.15754	9.48197	10.51316	8.96995	4.76151	17.28039	2.37062	1.70983	2.32046	8.77772	9.09094	4.51022	1.41083	1.7746	2.73772	9.9786	2.68235	2.39076	4.92792	10.58249	10.67181	3.82453	9.43947	8.22391	9.52162	8.47047	7.91451	9.01279	3.44938	6.88401	8.44401
step2_200_2000_5.0_28005.xyz_1	1.96813	2.68269	2.67122	9.83026	1.68597	3.30554	1.85673	10.10178	9.65866	1.92256	1.6304	9.48391	9.23072	2.6156	1.80243	3.40368	2.13157	2.3	10.59529	2.35447	9.3264	3.28936	9.02115	8.78725	9.96816	2.00346	7.83339	3.75468	11.67652	8.22756	2.38261	8.03995	2.3386	7.7042	3.30068	1.89758	10.56568	8.23083	8.33297	9.55873	9.61659	9.52459	13.16953	2.41474	2.86584	2.58731	4.70553	7.12069	3.03025	3.20144	1.48934	8.72839	8.02547	8.73832	3.56544	2.78806	2.18148	3.42583	2.6786	2.88423	3.46595	2.46611	7.38133	1.5107	2.27345	2.13834	6.19718	7.25296	2.92741	2.15508	6.54526	6.33589	7.55397	9.18465	9.33372	7.181	8.74239	9.92162	8.90128	4.52001	10.93656	2.16106	1.6664	3.34218	8.07231	1.77533	3.46013	2.29709	2.18623	1.83225	9.17593	3.56908	2.92151	2.76162	13.76788	9.07574	3.36493	8.85121	7.52309	7.38396	8.9095	7.93941	9.08331	3.47531	6.20835	7.91953
step2_200_2000_5.0_4094.xyz_1	1.68168	2.37021	2.24605	10.06797	2.07177	3.46321	1.76147	9.69212	8.4298	1.87958	3.42338	9.26207	8.85318	3.66267	4.0089	1.69603	2.27541	2.35815	9.76893	3.50903	9.33079	1.3829	8.11816	7.6014	9.79619	1.73737	9.01058	4.65904	9.04472	8.82441	4.0151	8.02961	3.22683	8.40727	1.64487	1.7276	8.06606	8.08466	10.28818	9.50397	9.53852	9.66929	8.46859	2.49865	3.9836	4.04259	4.87413	3.41731	1.66935	4.24605	1.38347	7.98838	9.09312	8.88087	3.95026	3.11158	4.30279	4.0765	2.57257	2.52167	3.68108	2.82076	7.58917	2.43181	2.47214	3.46336	6.10854	6.23624	3.46898	4.12742	7.39572	6.34553	6.42156	8.83005	8.43195	8.20072	9.69458	10.33954	9.01242	4.92451	8.11949	3.55306	2.16038	3.84891	6.98513	2.88732	1.91944	2.0362	2.37935	2.97396	9.36449	4.00188	4.81703	4.14965	12.50303	9.14659	2.99862	9.46141	7.48145	7.42953	8.68	9.16708	8.7151	3.51194	6.79166	8.39845
step2_200_2000_5.0_47873.xyz_1	2.91968	2.802	3.87916	9.33764	13.44792	3.24667	3.01519	9.91094	9.07111	3.73253	2.37339	9.56124	9.21043	3.31368	2.10583	3.45322	1.93217	3.35324	10.83147	3.09085	8.86663	2.80051	9.20443	8.69237	9.39339	3.95007	8.62792	9.34163	10.15579	8.1197	4.20643	8.17779	3.69691	7.74982	4.22014	1.93332	10.22911	8.47246	9.22024	9.40692	9.6116	10.11388	8.01311	1.81287	4.47556	3.69884	5.30352	5.66943	3.23403	2.33896	8.8042	9.41242	8.50812	8.62351	6.40634	2.67892	3.87036	3.55268	2.77236	1.94317	4.58746	1.70887	6.81674	2.46135	2.81231	6.38963	7.02374	7.06506	4.09872	3.29246	7.39217	7.49466	7.59258	8.36351	7.99337	9.09668	9.36875	10.28848	7.46302	6.64486	9.42654	2.51459	3.08989	4.49481	8.00568	2.3081	4.1882	4.34854	3.24509	3.74891	8.60007	3.23272	2.85555	2.92181	11.99752	10.80081	1.87136	10.62937	7.75386	7.96579	10.40474	7.96538	8.5323	4.37321	5.52684	8.95659
step2_200_2000_5.0_77285.xyz_1	2.38996	2.46467	2.4624	10.31039	2.32541	2.55908	2.55794	9.98025	9.08435	3.46327	3.48611	9.68116	9.39208	2.0439	2.72605	1.91404	3.06783	2.72633	10.69719	3.57333	8.74135	1.10116	8.77673	13.92744	9.08262	2.07683	8.5525	7.03389	8.85309	9.19798	3.76863	8.05892	3.52479	7.69158	2.21852	3.37061	8.52155	8.01564	9.21651	8.74091	9.9961	9.38535	8.58034	3.30359	2.45437	4.28808	5.01242	3.86458	1.98265	5.24147	2.39311	7.13113	9.20042	7.73605	4.14996	3.1054	1.78363	3.11256	10.52007	2.59748	2.14024	3.45717	6.34421	5.00387	1.94312	5.08708	7.00649	8.03241	1.86212	1.70954	6.9958	5.44558	7.24408	8.80978	9.33609	7.97868	11.80405	9.31687	8.95408	2.14432	9.09854	3.17761	1.47287	3.1672	8.19284	2.53632	2.42083	2.96301	3.24201	3.73156	8.74355	2.36241	2.42593	3.03147	9.72086	10.52967	2.1899	9.17579	7.84126	9.52704	8.86211	8.53651	8.61408	4.30757	6.13245	8.12105
step2_200_2000_5.0_85412.xyz_1	2.08608	3.66776	16.90399	13.01758	2.00616	1.82252	3.35033	10.79656	8.16929	0.8061	1.87086	8.98801	9.4168	1.87428	3.55234	2.98843	2.6742	1.03538	10.60437	13.36623	9.17776	2.2926	8.77701	10.00545	9.5231	2.48386	10.29247	4.54921	9.04119	8.79335	1.82169	7.58898	2.02133	7.56167	2.04169	2.15496	9.45477	8.18218	8.65472	8.82055	10.27473	9.06768	8.21778	1.70758	2.65581	2.69895	5.32585	1.97221	1.99784	2.7632	1.58349	8.70432	8.35592	8.42268	4.30008	10.43123	2.39535	2.61575	10.78592	2.07605	4.49761	2.54012	6.80717	1.62054	2.4476	4.61325	5.81472	5.10458	12.65241	0.99081	7.92558	5.94518	7.05866	8.46129	8.9816	7.44742	8.95078	11.06514	9.22114	5.29996	10.68754	2.24221	1.91608	2.98399	8.0052	3.4606	2.01797	2.19637	3.27574	2.99197	9.33719	2.35325	2.46537	2.97704	11.67337	12.71645	2.41637	9.98138	7.9717	8.62178	8.94722	8.48103	13.77538	4.42024	5.75574	8.8497
step2_200_2000_5.0_86398.xyz_1	2.14139	3.57753	3.67264	10.02196	2.94908	3.98868	2.29687	10.11516	8.86538	2.58946	1.60743	9.90055	9.32823	2.16779	5.3849	4.6155	2.5201	1.11915	9.92725	3.24953	8.56506	3.50098	8.66565	7.98187	9.77958	1.35087	9.3931	4.46692	8.96935	9.1659	3.17697	9.08266	1.93042	7.54708	1.5216	4.15452	8.89962	7.52884	8.70566	9.23314	9.38972	9.57414	8.63615	1.01535	1.7459	2.55246	5.14766	2.215	1.9515	1.71243	5.48548	8.79984	8.8764	8.09368	2.85732	2.18303	2.01175	4.25637	1.90394	1.56846	1.89677	6.96117	5.98065	4.06121	2.36344	6.00512	6.28699	6.14058	1.77463	2.74461	6.94225	6.64104	6.71643	8.30484	9.80517	8.90773	9.90532	11.12746	8.77578	1.50445	8.98635	2.25163	1.67477	3.50749	7.74226	0.91132	2.56541	1.96272	1.91013	3.03887	9.66092	3.35144	3.25009	2.20141	11.22773	10.66479	4.2844	10.8515	7.75788	8.64552	9.4903	10.32309	8.10263	4.5798	6.9804	9.08633
step2_200_2000_5.0_86498.xyz_1	2.2585	3.2359	2.27484	10.62499	2.79805	2.63127	5.61262	9.25927	9.25888	2.50001	2.2912	9.89776	9.42449	3.43803	3.32235	3.66722	2.24832	1.5951	10.58347	2.86859	8.63272	2.36999	8.54695	10.88436	9.5818	1.70136	9.67712	6.12245	8.71333	8.94827	3.03013	8.75533	3.35586	7.55666	3.34212	3.66163	11.07118	8.82878	8.78537	9.73068	10.73854	10.33345	8.16526	2.04864	3.23088	2.24606	4.47071	5.9923	1.43302	4.92534	4.41825	9.78996	9.62507	9.73724	4.02491	3.85639	2.11194	4.55736	2.98744	3.18782	3.45643	5.55876	6.7335	1.58149	1.85342	5.68707	6.15667	6.15974	2.53478	3.14619	7.81714	6.0716	8.20519	7.9639	9.0268	8.17964	10.89168	10.05126	9.87303	4.87555	9.57461	2.34985	4.47518	4.56249	8.7038	2.52238	3.13674	3.62746	1.95886	2.78135	9.97024	4.51778	4.63023	2.46451	12.78256	10.48106	2.32214	8.47774	8.70422	9.00621	9.9527	8.30681	8.32354	6.99126	6.18669	8.84459
complex_2	0.31789	8.94249	1.92489	10.41052	1.83663	2.93647	8.90496	9.91818	1.37532	2.30783	9.57312	2.01624	9.73195	1.28997	0.96528	1.75672	8.58722	2.19039	8.91123	7.35846	8.54216	8.55134	1.0564	8.36892	8.69487	2.90442	10.35875	2.69763	8.49906	8.93146	3.2572	8.39847	8.64337	4.31836	1.32171	1.32396	9.41361	9.16506	8.0607	8.54207	8.30505	9.77855	7.96462	2.49674	2.15365	1.01322	1.29513	3.83013	1.25107	1.73408	7.67504	8.08117	9.55464	2.48943	9.20567	1.95462	1.6748	1.74396	2.63095	1.79221	1.62128	8.8955	7.54003	7.67752	4.28884	2.49431	1.21227	1.52461	6.21837	2.96412	1.46525	6.77467	1.34575	7.17192	6.88804	7.96675	8.8885	9.03057	1.55182	8.99348	10.14647	6.70067	11.81809	4.3546	7.23447	8.84166	4.46725	4.38886	1.59992	2.02887	9.05407	2.75059	2.24847	12.00968	7.6925	10.55933	2.08901	9.622	9.58045	8.63084	9.4214	9.17469	8.48649	3.43904	8.80517	8.26171
step1_200.xyz_2	0.4662	8.97282	1.94575	10.33939	1.85332	2.95122	8.90679	9.92997	1.32037	2.32798	9.52458	1.98097	9.65238	1.1475	0.86743	1.77639	8.51378	2.17335	8.88573	7.31141	8.66365	8.58928	1.03504	8.44969	8.72983	2.95208	10.48457	2.84954	8.58168	8.96857	3.25084	8.51016	8.78115	4.35238	1.36596	1.24203	9.43954	9.21786	8.22413	8.72675	8.40246	9.73211	8.06988	2.49437	2.20669	1.1122	1.35912	3.78851	1.21795	1.73154	7.67683	8.12163	9.51752	2.42332	9.2765	2.0361	1.81581	1.79399	2.66849	1.87863	1.79431	8.95321	7.60911	7.63729	4.42517	2.54375	1.2667	1.62109	6.27233	2.89795	1.52336	6.87761	1.30852	7.33323	6.98729	8.20706	9.01288	9.20321	1.52121	9.15115	10.3121	6.6612	11.88056	4.45485	7.30032	8.97458	4.54288	4.47535	1.74925	2.14956	9.02989	2.85084	2.22355	12.209	7.69044	10.61075	2.09823	9.7831	9.72237	8.65368	9.48959	9.30394	8.67149	3.4424	8.77537	8.46497
step2_200_2000_5.0_16930.xyz_2	3.50824	9.99029	4.11474	9.9552	3.95383	6.53554	8.74742	11.70752	3.69363	4.29761	10.44683	14.37761	10.59	1.3388	3.09925	3.41285	8.52495	4.13404	9.24719	7.95431	8.65565	8.31696	1.64059	8.72804	8.87597	3.31147	10.22806	4.07371	9.37689	8.2372	3.34599	8.39469	9.01119	5.80824	3.26099	5.00984	7.25538	10.31249	8.81141	10.0863	7.67075	9.15613	9.25318	5.48146	3.88603	2.44847	2.06649	5.07302	1.92177	2.75765	8.42242	7.44404	11.66428	3.41023	10.87995	4.36319	3.23995	2.71633	12.23154	3.39774	4.00727	12.00502	6.98777	7.6412	7.56812	4.50739	2.4009	2.91674	6.50037	3.34915	2.93888	7.03354	2.16532	7.67285	8.00633	7.29284	9.68693	9.75279	3.41535	8.87553	11.70589	6.24105	11.86392	12.90091	7.78368	9.08974	5.02642	17.29601	2.95779	3.76502	9.73322	4.56812	3.96331	13.69367	7.58823	10.2125	3.81956	9.34109	9.76856	8.59245	10.69535	9.26203	8.12572	3.5345	8.06241	10.28643
step2_200_2000_5.0_2177.xyz_2	1.27849	7.94543	2.70007	10.95751	3.09137	2.78191	8.42494	9.39418	1.62857	2.78786	9.51026	2.48364	9.48075	3.55674	2.22598	2.99135	8.51984	2.6918	8.85916	9.75979	8.78513	9.78977	2.32822	7.94315	5.70288	3.94732	11.76866	4.59879	8.27538	9.98497	2.58734	9.34316	9.30453	5.28305	1.57301	5.62097	9.70347	9.04827	9.17322	8.42142	11.05788	9.42455	7.57342	4.74643	2.3338	2.43571	2.49013	3.88617	2.56377	2.97889	8.42076	7.96392	9.507	2.68845	15.84129	5.58765	2.23796	3.542	2.84938	2.18962	2.17822	9.23057	7.62152	7.47672	9.75829	5.03896	1.97979	2.98338	5.4789	2.02544	11.32352	5.42812	2.40743	7.81242	7.26305	8.90808	9.46392	9.46883	4.43042	10.39645	9.8322	6.5801	12.00827	4.7307	11.66598	10.25784	4.89719	6.12032	2.68418	3.39512	8.56507	7.01829	4.84096	11.83558	7.98826	10.98078	1.95059	9.74644	9.78239	8.99721	9.41641	8.64348	10.28163	2.99819	8.34248	9.23514
step2_200_2000_5.0_27766.xyz_2	1.65904	9.06961	2.88022	10.8128	3.28207	3.9704	9.22937	10.17284	4.97868	2.10721	9.03047	2.95784	10.08211	1.85363	1.16868	1.31225	8.95291	2.65386	13.10651	7.59611	8.5077	8.35727	3.90028	8.67645	7.20369	8.76399	9.77668	2.47444	8.77823	8.83669	3.98474	8.43027	8.37863	3.82172	1.91651	1.28134	7.78561	8.98437	8.84729	8.21568	7.91846	8.9907	7.83528	1.5784	1.61913	9.80426	6.58878	6.02351	1.12316	2.70665	7.88206	9.27036	11.62948	3.05838	10.46552	2.59388	2.56309	1.88533	2.98429	2.8226	2.2207	9.4128	12.86918	6.92017	3.58214	2.46785	3.61759	5.08518	7.06917	4.27559	1.44245	7.31393	2.8704	14.25452	8.48042	8.34685	9.23251	8.60297	2.27706	8.26203	10.03191	5.92161	11.77783	5.04933	8.17977	8.72073	6.1568	4.17613	1.76675	1.4131	8.38434	4.15682	12.07876	14.33399	8.62292	10.89513	3.88628	9.92828	9.47568	9.17893	8.57696	9.97287	8.80037	3.13533	8.12984	8.22623
step2_200_2000_5.0_28005.xyz_2	1.71961	8.53663	2.7615	9.35552	3.09848	3.71991	10.8109	10.67795	13.69146	3.85042	9.12466	2.04809	9.74908	2.70032	1.50262	2.94428	8.59567	2.6673	9.58205	7.83745	9.34576	8.14633	1.42834	8.94683	8.96323	5.4496	9.75987	3.53082	8.50137	9.52882	1.13529	8.03945	9.03374	4.37182	2.08517	2.31029	10.97007	9.35345	7.88424	7.90048	8.20405	9.77919	8.39808	3.10608	2.55913	1.1671	2.15439	3.7327	1.76843	2.92561	5.68277	8.35029	8.6519	3.7757	11.96019	3.60566	3.73047	13.33595	4.01662	3.19637	2.73743	10.46334	6.25735	8.04009	4.61002	2.99785	4.53842	13.00456	7.10591	2.76499	2.82747	11.25434	2.74814	7.40087	7.19064	7.16243	9.21288	9.6384	2.72856	10.28536	10.52751	5.55937	11.68705	4.67883	7.38366	9.5953	6.10603	4.70109	2.48533	1.85107	8.9292	3.20316	3.48603	11.32676	8.45673	9.62268	3.98075	9.34988	9.71519	9.35968	9.11243	8.5137	8.88522	3.39726	9.04739	8.87376
step2_200_2000_5.0_4094.xyz_2	1.05473	9.57741	2.02494	10.40108	2.2904	3.66392	9.0676	10.02596	3.01488	4.22562	9.35464	3.81551	9.1188	3.74224	1.67379	2.70313	9.02687	2.72827	10.16187	7.14619	8.70165	8.49601	4.78059	7.92725	7.73669	4.50391	10.05978	3.9775	6.90251	9.23077	3.66327	17.1808	6.08273	5.54685	2.01471	1.6282	8.70756	9.26026	8.70008	8.46175	10.09405	9.56124	14.21457	3.31226	2.84712	4.76994	3.38717	4.78449	1.33414	4.04516	7.3948	8.12726	8.96929	2.76568	9.91853	4.41329	3.76238	3.65729	3.25682	2.83452	2.5024	9.6212	7.15627	7.51624	3.6497	2.17922	1.91869	2.57417	6.69386	2.73386	2.28413	5.87722	1.73212	7.35383	7.12032	8.64871	9.5223	8.92772	2.35129	9.39448	10.4331	6.39393	11.12174	4.44993	7.70679	9.44447	5.24012	5.2149	2.36642	4.42369	9.81418	4.05967	4.29352	15.5319	7.98617	8.95332	2.08638	9.65724	9.42892	8.5633	9.01419	9.96523	9.12872	3.97612	8.56215	8.29912
step2_200_2000_5.0_47873.xyz_2	1.76941	8.80298	3.25362	9.86828	10.18365	5.54738	8.794	11.02965	3.07338	3.54021	9.68057	2.94518	9.50402	3.02952	1.89877	2.57342	8.91994	3.18333	9.49778	6.85429	9.09508	9.18292	1.70532	8.48455	7.57307	6.49092	10.44493	8.16216	8.70187	8.80037	3.31624	8.76182	8.54392	6.08858	4.75837	2.20645	8.79566	9.89413	8.25591	8.29191	8.06429	8.851	7.94305	4.1503	3.7702	2.13993	1.52024	5.1564	3.97069	3.01881	7.41697	8.75518	8.89736	2.99518	11.03053	3.00468	5.12868	4.50034	2.71026	2.10736	4.52727	8.88411	7.28376	7.08231	3.77716	3.23187	3.23055	2.32629	6.93986	5.46696	2.40164	7.85841	1.72367	7.45682	7.09763	7.65026	10.49153	7.32988	4.97321	10.53553	10.04112	5.6464	11.80461	5.54835	7.47992	9.28916	5.84086	4.86664	4.61718	2.20406	8.36938	3.58546	2.43127	12.7997	7.94629	10.03675	2.19381	10.40267	10.25578	8.34036	9.8177	9.2215	8.7097	5.22076	9.02605	10.21669
step2_200_2000_5.0_77285.xyz_2	2.37422	8.78824	2.35382	10.27673	2.79876	3.2461	8.47551	9.65668	1.85703	2.64488	9.26318	3.95366	9.72742	1.21139	1.42257	2.05116	8.26185	3.49747	9.0659	7.0031	8.61455	9.28372	3.17723	9.12036	7.67275	4.70379	11.48476	7.29229	9.0275	8.64636	3.67266	8.92612	8.59459	5.40613	3.29708	3.80998	9.28798	8.54027	6.80991	8.99729	7.85909	9.01654	7.73947	3.77667	2.14073	3.63128	2.28868	4.03102	2.73032	13.08102	7.86698	8.79964	9.74735	2.37091	9.74618	3.05814	2.55169	2.33471	2.51427	2.91974	2.05275	9.90206	7.39974	7.8576	5.09137	2.20935	1.79736	2.41962	6.57814	3.30646	2.66152	6.68688	1.15333	6.9393	6.92649	7.83761	9.42393	8.29296	3.86141	10.37881	13.08514	5.73839	11.53698	4.88745	7.36211	9.14439	5.38873	4.52572	3.4938	3.7728	8.58196	3.23946	3.35723	13.00989	7.18249	9.84865	2.89169	9.77411	10.87186	8.70128	8.14756	10.39104	8.55783	4.49847	8.79194	10.61241
step2_200_2000_5.0_85412.xyz_2	2.08849	8.57932	2.26779	9.70132	2.20955	2.71894	8.91695	10.42494	2.22763	2.14696	9.18162	2.66173	10.48017	2.01583	2.72075	3.0648	9.14522	9.36781	8.97263	7.21356	9.96688	14.6764	8.91809	8.54177	7.76038	5.68408	9.6324	3.74879	8.39453	8.72261	4.37346	8.61471	9.26585	5.33887	2.03752	2.88481	9.72413	8.24391	7.44974	8.88007	8.66406	9.38061	8.36391	2.5455	3.55093	2.95225	2.3098	4.05894	2.63349	11.97816	7.94076	8.81718	9.39352	2.96489	9.48823	3.44084	2.82261	5.31367	14.33813	1.68874	2.62573	9.53677	9.60362	9.21376	5.21063	9.12863	1.85328	2.3019	6.62328	4.56249	2.80719	6.75689	2.06604	7.67743	7.68233	7.65683	7.10425	10.17801	3.68894	10.95212	10.13702	5.59624	11.69474	4.47185	7.3921	9.11909	4.58089	4.80161	3.04476	5.08955	9.912	3.56647	2.4229	13.45596	8.02138	9.55282	2.20102	9.46409	9.92609	8.816	9.36668	10.26714	8.99571	6.53055	8.59381	9.66259
step2_200_2000_5.0_86398.xyz_2	2.68062	8.6503	5.78236	9.58885	3.87288	4.71027	9.08571	9.96697	1.57484	2.50021	9.09736	2.45863	9.19904	1.55835	2.71845	3.15942	7.97983	2.38075	9.30919	7.3282	10.08991	13.23267	1.55493	10.07744	8.51404	3.33686	10.8394	3.30737	7.88397	9.32661	3.47231	9.58672	9.27422	4.82679	1.48712	2.31273	8.56611	9.44173	9.11132	8.69796	8.40388	10.64443	8.11104	2.26061	2.29049	1.89907	1.64499	3.88776	2.90805	3.12013	8.39715	8.48574	11.73071	2.93379	10.40396	2.47213	3.08169	8.16902	3.04638	1.9513	3.53149	9.58882	7.22046	8.90108	6.50932	7.31413	2.75285	5.66236	5.91601	1.4572	3.15503	6.71587	3.8746	7.98318	7.4292	8.38663	9.19558	9.85345	2.95704	10.29712	10.98924	6.11933	12.89135	5.54033	7.40361	9.96996	5.05842	5.08563	2.60156	1.36091	9.26373	4.01624	4.03812	13.31085	6.74875	10.63909	6.92426	10.02501	8.97216	8.34282	9.88927	10.31964	8.65131	4.7435	8.7651	9.45159
step2_200_2000_5.0_86498.xyz_2	2.14654	9.18816	2.56732	10.09162	2.77434	3.43378	9.36345	10.27528	2.15212	2.69792	10.21258	3.07016	10.15486	2.70223	3.21445	3.98974	8.63445	2.65158	8.83354	8.33196	13.75514	8.90959	1.39326	9.08371	7.90148	5.69058	10.85417	3.63991	7.58211	8.44998	5.32785	9.21042	8.40888	5.46271	5.60932	4.0386	10.62447	9.42268	9.38047	8.41877	8.9949	12.05404	7.60779	3.67309	2.7972	1.96182	2.63517	3.02203	2.24064	3.48489	6.67583	8.69699	9.65915	2.10502	10.35616	3.91026	2.29773	3.28773	3.10465	4.91182	2.76779	9.45769	7.65766	8.17739	4.84055	4.24136	2.5958	2.79609	7.8202	5.68667	2.3185	6.71788	2.53956	7.49504	7.2522	8.2577	10.2251	9.35012	2.1328	9.36082	11.65246	7.51963	13.17324	6.27532	8.01816	9.36655	5.00165	5.52558	3.32604	3.12256	9.36199	4.73932	4.56114	12.61152	8.43471	10.97598	2.97824	10.56954	8.72907	9.94359	10.53685	8.97684	8.57134	6.67398	13.79424	9.10471
complex_3	1.63109	9.20758	2.59213	9.72075	9.65233	9.90704	2.20245	4.24186	2.63748	9.51145	1.72848	10.17467	7.44405	9.1959	2.83931	6.702	3.69737	4.30836	9.58997	8.43249	8.39442	8.64736	6.88185	8.5997	8.40137	3.00775	8.78998	6.05826	9.04126	9.30532	10.68483	8.37163	8.5305	8.44376	1.69556	2.91554	9.68416	8.68087	9.14039	8.10751	8.0346	9.97869	7.20282	12.04056	2.58203	4.89225	10.80011	3.73978	2.47325	2.44196	12.23908	9.28927	9.10119	7.76049	3.32179	2.67651	2.5334	2.98389	1.92542	2.63304	2.17729	4.25599	5.42017	5.35573	2.94804	1.36221	4.78406	5.52101	3.13589	5.61618	4.55604	7.73006	8.25554	8.18248	8.74556	7.94632	3.05202	10.34435	8.97178	10.20255	9.21667	5.64454	8.42559	12.36742	8.34178	8.64326	5.93826			4.39926	5.31054	1.8102	2.52406	7.75934	10.39382	9.81169	1.94367	8.4551	9.44421	8.20521	8.72523	9.38258	8.35851	7.78783	7.37747	10.16954
step1_200.xyz_3	1.721	9.23928	2.61645	9.63735	9.64019	9.92302	2.25656	4.17437	2.58671	9.42695	1.77917	10.30364	7.4713	9.1285	2.86852	6.64601	3.6197	4.41568	9.58394	8.47026	8.55358	8.68157	6.88721	8.64023	8.51434	2.96771	8.78232	6.16893	9.19524	9.36459	10.84809	8.46635	8.66208	8.4805	1.74252	3.01636	9.69737	8.69975	9.26661	8.2486	8.14275	10.13052	7.32224	12.09101	2.66529	5.01393	10.87642	3.6862	2.49905	2.49887	12.28621	9.28415	9.20759	7.82154	3.44022	2.63568	2.6056	3.1455	2.02157	2.69893	2.13227	4.13577	5.53221	5.46806	2.90383	1.30454	4.72006	5.55724	3.03923	5.55759	4.62642	7.86252	8.46732	8.23412	8.87666	8.07449	3.25729	10.52166	9.12587	10.31925	9.41691	5.69763	8.37013	12.41456	8.37135	8.74233	6.2189			4.473	5.3325	1.73953	2.57092	7.89416	10.41143	9.87288	1.88431	8.55999	9.58663	8.31371	8.80128	9.42862	8.41594	8.04622	7.34567	10.22292
step2_200_2000_5.0_16930.xyz_3	4.52512	15.10462	3.57142	9.72687	10.10552	10.40046	1.78697	5.05823	3.6242	9.69587	5.99828	9.42718	6.97757	8.79929	11.88632	6.44998	4.01579	6.32591	8.81907	9.19522	8.82284	8.16945	7.24148	17.47574	8.69838	2.85345	9.67241	6.56322	9.79194	9.38716	10.55387	9.16864	9.0885	8.36	3.12958	5.10993	8.87591	9.93143	8.95427	8.48276	8.78034	10.27292	7.59503	10.68176	4.53972	6.42672	12.20655	5.72378	4.32062	4.44184	13.79877	8.85859		7.95054	3.71388	4.14449	6.39623	3.88334	2.96136	4.57109	3.46128	9.16359	6.86247	8.25078	5.54457	5.08627	5.14223	6.62893	4.08341	6.17597	5.22132	8.20984	9.89242	8.36752	9.60662	7.67864	3.09509	10.89712	10.65135	10.14285	9.92253	4.76534	9.30597	12.86146	8.47775	8.80459	6.89852			4.82367	4.78992	4.04219	4.15304	9.01577	10.90531	14.73805	3.3091	10.26502	9.89129	8.51965	13.19611	11.63052	9.37671	6.65034	6.89346	14.30967
step2_200_2000_5.0_2177.xyz_3	2.88606	8.52207	3.73313	9.70097	9.6565	10.04901	1.45229	4.22704	2.51599	9.52047	3.04405	9.36573	12.88491	8.94671	3.35499	7.31996	3.19866	4.36592	8.94463	13.92075	8.44138	9.61869	6.71509	9.67695	10.26422	6.41693	8.30147	7.93921	9.15921	9.71677	11.85598	10.0681	9.04693	9.71137	1.25147	5.35849	10.76711	7.17962	9.33576	7.80951	7.78547	10.03719	7.485	11.68979	2.52872	5.21601	11.60233	3.98705	3.4866	2.96774	12.57294	8.81588	9.06088	7.88143	4.53106	4.25855	2.46621	4.05911	2.9152	2.44511	2.74629	4.08168	6.26056	14.89612	4.10841	1.56381	3.72602	4.99688	1.58666	17.94917	11.15095	7.5532	7.89606	9.02006	8.67172	6.79656	2.36894	12.08433	8.55873	10.49242	10.45665	5.90455	8.79025	12.63939	9.57431	9.05341	6.1389			4.87065	3.3514	6.05196	3.37335	10.40213	11.53526	9.91894	3.1659	8.79738	10.87314	8.02051	8.52458	8.46151	9.20116	8.05254	7.25834	10.86561
step2_200_2000_5.0_27766.xyz_3	2.40829	9.52448	12.17555	9.74247	9.75256	9.56188	2.16149	15.82385	3.85221	8.54229	1.32952	9.51563	13.96678	14.72966	1.90868	7.07589	3.55122	4.99784	14.96559	14.52063	9.13487	9.2565	6.90935	8.65707	7.08318	12.28506	8.27865	6.25572	10.20645	9.31818	11.18412	9.10266	9.62819	7.73541	1.47875	4.7694	8.30191	8.31575	8.94795	7.37936	7.34303	9.95092	9.21766	11.7276	2.36798	5.74394	11.68788	5.15029	2.44498	3.30344	12.15959	8.52201		16.40847	3.70529	2.6268	2.67673	3.87309	2.67158	3.54312	2.07616	10.2591	6.26131	5.50843	2.15876	1.29542	7.98764	5.40688	6.8604	6.44008	3.85858	9.1738	9.02224	13.47106	17.14991	7.798	5.33657	10.15961	9.86689	12.87882	8.52869	4.6361	9.37935	12.79297	8.89938	8.01605	7.29651			4.61349	4.28321	4.6119	3.32915	8.61797	12.78784	10.0897	4.54888	10.28525	9.79464	8.02006	7.95048	8.38355	9.66943	8.08715	6.74427	10.02796
step2_200_2000_5.0_28005.xyz_3	2.49923	9.16094	3.41525	9.24203	9.61021	9.65184	1.80529	3.78795	2.85029	8.91927	3.66472	10.2816	7.95651	8.76183	1.95823	6.20606	3.31566	3.94318	8.89236	8.38195	8.52204	8.43129	6.51342	7.72543	7.40121	3.60423	8.44856	5.30825	10.61121	9.18989	10.92723	9.51165	8.41872	8.60415	2.42745	4.0151	10.23529	8.13656	9.0341	8.44815	7.91237	11.97602	6.89525	11.44803	2.71141	4.95062	11.26283	4.27878	1.61875	3.75618	11.57201	9.30714	9.10355	7.65985	4.89427	3.58178	3.62267	3.49208	2.40863	2.54333	3.31836	4.01197	12.05902	5.08255	13.061	9.27796	9.72024	5.3921	2.81129	5.87223	4.65145	8.11228	8.95051	7.98119	8.28512	7.89508	2.18856	11.178	8.53522	10.18138	10.05826	6.84161	8.39359	11.98908	7.83762	8.55241	6.30801			4.03852	5.19416	3.00915	2.84928	8.51595	11.32785	10.00942	3.20136	8.39461	9.17982	8.17792	8.75367	9.8198	8.7385	7.91993	7.26876	10.17143
step2_200_2000_5.0_4094.xyz_3	1.37228	9.15109	3.39862	9.62692	9.66572	9.35643	3.45123	4.56868	3.73767	9.14654	4.97555	9.52521	8.04471	7.964	5.78427	8.81794	4.16879	4.52711	9.68783	9.69958	9.04552	9.02286	6.86033	8.65802	8.75142	5.3006	8.70143	6.21997	8.45859	8.79036	11.96911	7.24786	6.84321	9.52095	2.58135	3.42008	10.21558	8.32662	8.91601	8.34257	7.56112	9.44998	6.9459	13.33678	3.46986	5.91419	9.45713	3.85582	2.5616	3.62392	11.96278	8.85304	9.85338	8.30559	3.37053	5.30375	3.4981	8.14461	2.89268	2.31168	3.53337	3.55753	6.23103	5.83981	2.61545	1.83035	4.91845	6.44988	4.58203	6.01395	4.59182	6.69551	9.25822	9.00679	8.71987	8.89121	5.36861	10.80295	9.79752	9.13905	11.67027	6.84687	8.68145	11.66599	8.4776	9.24453	5.40845			5.07211	6.25428	4.23239	4.58892	7.37987	10.14983	8.7789	2.37266	9.29239	9.29463	7.01551	9.1776	10.39086	7.42716	10.97563	7.12608	12.28183
step2_200_2000_5.0_47873.xyz_3	2.16814	8.58668	4.01487	10.16044	14.60826	10.0165	4.24725	4.44233	3.63909	10.56589	2.67353	9.37709	7.2744	9.57614	2.89121	13.12985	3.66146	3.99392	9.59779	10.53168	8.57963	9.24383	8.66202	8.83451	8.64403	4.93181	9.0052	7.40122	7.983	8.82084	15.66559	7.94392	8.98352	7.22797	15.53352	4.62368	9.81007	8.19333	9.05495	7.37024	8.52718	10.0237	7.62223	10.81301	5.49768	4.2149	11.40327	4.86379	3.18459	3.02712	12.82871	8.02777		7.20812	4.02262	4.54883	5.30907	4.92138	2.06487	2.52833	2.44841	4.48283	5.1884	5.31897	4.10727	6.41519	6.64863	5.00683	2.13628	6.26242	5.41082	7.74625	9.23704	8.07811	7.80165	8.2356	4.17055	10.21425	7.89528	10.92321	10.27082	6.13401	8.22257	12.72442	10.10002	8.41814	7.72389			4.60596	6.11801	3.65101	3.34214	7.86257	10.71448	10.60475	1.45767	7.98678	9.61013	9.45716	8.44297	10.11774	8.90554	7.62303	7.51137	15.13783
step2_200_2000_5.0_77285.xyz_3	2.23514	9.1107	3.72435	9.33774	9.86395	9.46824	4.96521	4.09907	3.28624	9.78535	3.09803	8.24899	8.15674	10.79657	3.6713	7.18004	4.05454	5.88129	8.88067	9.04185	8.84093	8.28013	7.96387	7.8985	8.44701	5.35682	9.27645	7.8286	7.17729	9.05533	9.93363	7.54527	8.55503	8.43672	3.88272	3.77325	9.86506	8.12797	9.86903	7.3729	8.47469	9.79804	7.77318	11.8425	2.98539	5.44742	11.13471	3.849	3.68807	13.46337	11.59125	8.74869	9.83135	7.05206	3.46894	2.8333	3.19423	4.16224	2.42982	4.09148	2.59411	4.45517	5.20326	6.15748	4.59053	1.51125	2.5032	6.56879	3.92382	6.32327	7.6826	6.78463	9.17821	8.95218	10.50878	8.26853	4.25805	9.81289	9.36234	9.31963	10.1355	5.1425	8.20711	12.24012	10.12284	8.67355	6.30857			4.42715	5.51089	2.23133	2.64868	8.65904	11.93885	11.11686	2.91426	8.53244	9.97446	7.27131	9.50469	10.45124	8.96878	7.95259	6.96473	10.60858
step2_200_2000_5.0_85412.xyz_3	2.55093	16.85188	4.00091	14.9779	9.82044	9.78545	1.80903	4.84146	2.80682	10.22512	6.71634	11.33316	8.4283	8.69732	5.53444	7.45585	3.19743	4.17655	8.96229	9.42453	10.22096	8.8456	6.84078	7.59899	7.0254	4.20479	8.80661	6.45441	9.59233	8.33149	10.79776	9.09875	9.39205	7.58763	2.31474	3.85563	10.28661	8.2508	8.21337	7.88728	7.01364	10.15758	7.94488	11.47257	3.62754	5.27275	11.83847	3.49254	2.71293	3.3983	11.98748	8.82395	8.82564	8.75867	3.7963	4.22827	5.7247	8.01476	2.97535	2.62015	4.326	5.60101	5.06033	5.46517	2.47829	2.18306	4.22581	5.12253	3.65299	6.39237	5.18122	7.42834	8.64961	8.51155	8.85603	7.91865	1.39542	11.68759	10.44965	10.00958	9.93559	5.27807	7.90961	12.43559	7.93612	9.36493	5.61376			5.05835	4.8083	5.74303	12.9663	8.05596	11.36215	8.14211	1.84376	8.55266	11.95515	7.9397	8.71408	10.00661	8.75527	7.50286	7.04452	9.74741
step2_200_2000_5.0_86398.xyz_3	2.15127	8.69823	4.41607	9.58448	9.73724	9.82613	2.96686	5.41445	2.73979	9.86327	1.67504	10.32482	8.3388	9.0792	3.34751	7.26537	3.66678	3.91861	9.72316	9.95398	10.68428	8.40659	8.42427	8.72135	8.66602	3.71443	8.15507	6.99163	10.20339	9.66604	10.85263	8.63589	8.95236	7.4097	2.63539	4.42406	10.63682	8.64419	9.19772	8.3459	8.03601	10.34016	7.92459	12.01324	3.66939	4.5661	11.23301	3.14382	2.12736	1.54824	12.68354	10.15444	9.66698	7.51553	3.83094	3.26007	3.57347	3.43661	2.13939	3.21893	3.87988	6.69614	5.31805	6.08462	5.17104	3.04316	3.45494	5.63801	1.78955	4.66325	4.20044	6.92181	9.04205	8.46373	8.62525	8.21932	5.06118	11.00634	10.85449	9.20792	10.62423	16.52439	8.83765	12.16943	8.98343	9.48678	6.34871			5.08711	5.21155	2.00569	3.98432	8.25478	11.4615	11.26345	3.26131	10.19665	8.98176	8.19991	8.4426	10.84669	8.61668	8.396	7.14092	10.7734
step2_200_2000_5.0_86498.xyz_3	2.59623	9.67938	11.41429	9.47006	9.59671	9.37483	5.61408	4.16406	3.01113	11.84053	2.09386	10.30596	7.62313	8.84261	4.857	12.16824	4.19264	5.67379	10.14067	8.60243	9.21629	15.46259	9.49195	10.92618	8.24473	3.48443	8.48971	9.70674	9.98297	9.62972	10.04292	8.80943	8.78313	8.34946	4.50556	5.25647	10.70999	8.74983	9.13538	8.3721	8.04806	10.98842	7.56516	12.05705	3.60274	5.41795	10.38336	3.36606	2.63039	4.01586	11.69214	10.40543	9.19364	9.45274	4.69951	6.39938	4.82227	4.97565	4.6601	3.96509	3.10034	5.93978	6.79362	5.67986	2.4289	2.32435	5.23481	5.62761	12.02353	8.84716	4.77413	6.7576	9.32111	9.15705	9.1628	7.55336	3.32252	10.60651	9.80004	9.75215	10.83767	6.90906	8.90101	12.55426	7.53744	10.71354	6.2856			5.23712	5.85177	2.96616	4.36298	8.61596	10.51441	13.56312	2.57709	10.59545	8.92425	9.51929	11.19637	8.16111	8.79148	8.36594	6.76127	11.93151
