	1byq_ADP_LIG	1osf_KOS_LIG	1uy6_PU3_LIG	1uy7_PU4_LIG	1uy8_PU5_LIG	1uy9_PU6_LIG	1uyc_PU7_LIG	1uyd_PU8_LIG	1uye_PU9_LIG	1uyf_PU1_LIG	1uyg_PU2_LIG	1uyh_PU0_LIG	1uyi_PUZ_LIG	1uyk_PUX_LIG	1yc1_4BC_LIG	1yc3_4BC_LIG	1yc4_43P_LIG	1yet_GDM_LIG	2bsm_BSM_LIG	2bt0_CT5_LIG	2byh_2D7_LIG	2byi_2DD_LIG	2bz5_AB4_LIG	2ccs_4BH_LIG	2cct_2E1_LIG	2ccu_2D9_LIG	2fwy_H64_LIG	2fwz_H71_LIG	2h55_DZ8_LIG	2qg0_A94_LIG	2qg2_A91_LIG	2uwd_2GG_LIG	2vci_2GJ_LIG	2vcj_2EQ_LIG	2wi4_ZZ4_LIG	2wi5_ZZ5_LIG	2wi6_ZZ6_LIG	2wi7_2KL_LIG	2xab_VHD_LIG	2xhr_C0P_LIG	2xhx_T5M_LIG	2xjg_XJG_LIG	2xjj_L81_LIG	2xjx_XJX_LIG	2xk2_ADP_LIG	2ye9_2D4_LIG	2yef_ANP_LIG	2yi0_YI0_LIG	2yi5_YI5_LIG	2yi6_6QM_LIG	2yi7_BZ8_LIG	2yjw_YJW_LIG	2yjx_YJX_LIG	2yk2_YJX_LIG	2yk9_YK9_LIG	2ykb_YKB_LIG	2ykc_YKC_LIG	2yke_YKE_LIG	2yki_YKI_LIG	2ykj_YKJ_LIG	3b25_B2K_LIG	3b26_B2L_LIG	3bm9_BXZ_LIG	3bmy_CXZ_LIG	3d0b_SNX_LIG	3ekr_PY9_LIG	3ft8_MOJ_LIG	3hek_BD0_LIG	3hhu_819_LIG	3hz5_Z64_LIG	3inw_JZB_LIG	3inx_JZC_LIG	3k97_4CD_LIG	3k98_1RC_LIG	3mnr_SD1_LIG	3o0i_P54_LIG	3owb_BSM_LIG	3owd_MEY_LIG	3qdd_94M_LIG	3qtf_05S_LIG	3r4n_FU5_LIG	3r4o_FU3_LIG	3r4p_FU7_LIG	3r91_06H_LIG	3r92_06J_LIG	3rkz_06T_LIG	3rlp_3RP_LIG	3rlq_3RQ_LIG	3rlr_3RR_LIG	3t0z_ATP_LIG	3t10_ACP_LIG	3t1k_ANP_LIG	3t2s_AGS_LIG	3tuh_TUH_LIG	3vha_VHA_LIG	3vhc_VHC_LIG	3vhd_VHE_LIG	3wq9_YUK_LIG	4awo_99B_LIG	4awp_99A_LIG	4awq_592_LIG	4b7p_9UN_LIG	4bqg_50Q_LIG	4bqj_XKL_LIG	4cwn_6LV_LIG	4cwo_T62_LIG	4cwp_TV2_LIG	4cwq_W2D_LIG	4cwr_HAJ_LIG	4cws_G3R_LIG	4cwt_IK9_LIG	4eft_EFT_LIG	4efu_EFU_LIG	4egk_RDC_LIG	4fcq_2N6_LIG	4fcr_0TM_LIG	4jql_VJ6_LIG	4l8z_RL1_LIG	4l90_RL3_LIG	4l91_X29_LIG	4l93_S36_LIG	4lwe_FJ2_LIG	4lwg_FJ4_LIG	4lwh_FJ5_LIG	4lwi_FJ6_LIG	4nh7_E0G_LIG	4nh8_2LC_LIG	4o04_2Q8_LIG	4o05_2Q9_LIG	4o07_FGH_LIG	4o09_2R6_LIG	4o0b_2QA_LIG	4r3m_JR9_LIG	4u93_990_LIG	4xip_40W_LIG	4xiq_40Y_LIG	4xir_40X_LIG	4xit_40Z_LIG	4ykq_4EO_LIG	4ykr_4EP_LIG	4ykt_4EQ_LIG	4ykw_4ES_LIG	5cf0_FJS_LIG	5j20_6FJ_LIG	5j27_6FF_LIG	5j2x_6DL_LIG	5j64_6G7_LIG	5j6l_6GC_LIG	5j6m_6FJ_LIG	5j6n_6FF_LIG	5j82_6GV_LIG	5j86_6GW_LIG	5j8m_6DL_LIG	5j8u_6DL_LIG	5j9x_6GC_LIG	5lny_70K_LIG	5lnz_70Z_LIG	5lo0_70N_LIG	5lo1_70L_LIG	5lo5_70M_LIG	5lo6_70O_LIG	5lq9_72K_LIG	5lr1_72Y_LIG	5lr7_73J_LIG	5lrl_73S_LIG	5lrz_73Y_LIG	5ls1_73Z_LIG	5m4e_7F9_LIG	5m4h_7FX_LIG	5nyh_9EK_LIG	5nyi_2EQ_LIG	5oci_9R8_LIG	5od7_H0T_LIG	5odx_9RZ_LIG	5t21_74E_LIG	5vyy_9QY_LIG	5xqd_8CF_LIG	5xqe_8CO_LIG	5xr5_8CR_LIG	5xr9_8CU_LIG	5xrb_8DU_LIG	5xrd_9ZC_LIG	5xre_JX1_LIG	5zr3_9J0_LIG	6b99_NEC_LIG	6b9a_PA7_LIG	6ceo_D57_LIG	6cyg_N5O_LIG	6cyh_N5A_LIG	6ei5_B5Q_LIG	6el5_PU1_LIG	6eln_P4A_LIG	6elo_BAW_LIG	6elp_BA8_LIG	6ey8_C4T_LIG	6ey9_C4N_LIG	6eya_C4K_LIG	6eyb_C3Z_LIG	6f1n_C8W_LIG	6fcj_D4W_LIG	6gp8_APC_LIG	6gpf_ANP_LIG	6gph_A12_LIG	6gpo_CMP_LIG	6gpp_ADP_LIG	6gpr_CMP_LIG	6gpt_A12_LIG	6gpy_ANP_LIG	6gq6_ADP_LIG	6gqr_APC_LIG	6gqs_A12_LIG	6gqu_CMP_LIG	6gr1_APC_LIG	6gr3_AN2_LIG	6gr5_ADP_LIG	6hhr_G5E_LIG	6lr9_EOR_LIG	6lsz_TUH_LIG	6lt8_ET3_LIG	6lti_2GJ_LIG	6ltk_E0G_LIG	6n8x_KFY_LIG	6olx_KFY_LIG
complex_0	9.16874	11.20015	6.73645	6.59354	6.19439	7.01263	6.27673	6.53361	6.48226	6.79072	6.07576	6.5318	6.53162	6.85612	6.64477	11.62706	7.06266	10.36941	7.71589	5.37828	10.9165	9.66075	7.51296	7.24757	7.62541	8.27854	6.36954	6.49308	1.21557	5.99259	5.5109	7.89191	2.25713	7.58538	6.22878	7.31832	4.35588	5.34065	7.17294	7.35551	10.56526	11.93065	9.27157	11.21523	8.62498	6.61524	10.56614	8.74585	7.32216	5.97422	6.03411	8.60614	8.50791	8.39227	8.32818	9.20523	1.24346	2.50187	2.34576	3.12524	5.43167	4.34779	6.5848	12.14295	3.35274	10.85319	1.04031	9.27709	2.45612	3.96308	1.15893	1.3496	4.67659	10.30703	1.22816	8.0769	7.87976	8.55582	2.80033	0.83182	12.00027	5.34376	11.53763	0.8505	1.1309	7.70587	9.28587	10.71848	10.53108	10.94467	10.54867	7.2092	6.56652	5.58978	9.27935	10.02477	8.00573	2.91372	2.88003	12.19628	8.05841	11.37004	6.43839	10.90355	7.10015	0.62971	6.96906	1.43404	7.17637	1.89499	2.65834	2.2723	4.68919	9.77774	0.5687	7.79942	11.12985	5.19976	5.55637	6.23222	5.67602	6.03472	8.60737	9.26453	6.33109	3.44413	0.9977	0.78752	0.93295	0.86495	0.71628	0.95169	6.25528	2.11505	1.01099	0.86666	1.16846	1.64648	8.53208	8.41459	9.5825	9.40192	1.30645	4.78321	6.16082	8.26447	8.7046	4.74828	4.80496	6.12598	5.00538	4.84254	6.1732	8.92259	4.74078	2.12375	5.54113	7.94685	8.25299	5.88583	6.76393	2.78506	1.81798	4.04642	2.23315	2.84911	1.07547	6.5506	8.13297	6.11775	6.12652	2.36102	1.97524	6.21449	1.05308	6.80677	6.37271	8.7469	6.5753	6.05701	5.81162	5.92447	0.91463	7.85992	6.12907	6.84137	6.72838	6.58316	6.70473	8.02906	6.69269	9.00544	6.08632	4.96067	6.77197	3.61712	1.21537	5.01146	7.36224	8.41223	7.32727	9.37555	9.33803	6.96755	9.40995	9.61897	11.07446	9.61063	11.52538	8.60613	7.16266	7.05095	7.38545	11.02528	11.57997	8.59822	1.54067	5.62147	7.68886	2.25287	3.37635	6.75961	6.7666
step1_200.xyz_0	9.12571	11.18982	6.73721	6.55296	6.19295	7.03737	6.25697	6.5494	6.46532	6.79725	6.24727	6.52059	6.53263	6.82226	6.59598	11.56113	6.9192	10.32569	7.66991	5.35385	10.9031	9.55763	7.50537	7.17936	7.58169	8.30236	6.39871	6.50895	1.22993	6.01324	5.51653	7.82886	2.31269	7.62221	6.16549	7.23891	4.39764	5.33375	7.14422	7.29137	10.36903	11.84261	9.38804	11.22986	8.59859	6.67544	10.48786	8.6964	7.29467	6.06033	6.0895	8.55233	8.37303	8.32976	8.35998	9.1862	1.22172	2.47871	2.34479	3.22052	5.45668	4.1489	6.5529	12.0519	3.38813	10.86898	0.91744	9.28683	2.40403	3.99588	1.17818	1.25949	4.5912	10.43786	1.25812	7.91339	7.85962	8.40999	2.66577	1.03322	12.11113	5.37942	11.62028	1.06826	1.33751	7.69539	9.32306	10.42254	10.45333	10.92214	10.60251	7.23792	6.45414	5.63671	9.20455	10.08539	7.88378	2.81821	2.96815	12.13654	8.12411	11.22822	6.40632	10.88547	7.15154	0.66746	7.06633	1.37874	7.23543	1.88159	2.65949	2.32021	4.73979	9.64425	0.48139	7.742	11.18143	5.26681	5.50678	6.24848	5.65852	5.96636	8.66938	9.25042	6.36677	3.44925	1.02623	0.8246	0.94093	0.87399	0.84008	1.0929	6.23708	2.09608	1.11266	1.02779	1.25872	1.74297	8.383	8.28011	9.53085	9.40929	1.32021	4.93772	6.26186	8.26083	8.66499	4.82117	4.99009	6.24514	5.08173	4.99313	6.12125	8.87811	4.83722	2.15641	5.65555	8.027	8.37161	5.94584	6.8302	2.85834	1.82668	4.10568	2.23282	2.79005	1.09471	6.46824	8.10866	6.20833	6.07999	2.33738	1.95559	6.32741	1.09074	6.86794	6.3277	8.66941	6.57594	5.96875	5.79025	5.93422	0.83438	7.88446	6.08573	6.87467	6.78817	6.68925	6.79063	8.03106	6.65948	8.99397	5.92628	4.97211	6.84779	3.61177	1.21078	4.88968	7.35125	8.43214	7.37072	9.29651	9.25529	7.13193	9.2994	9.43739	11.16757	9.78646	11.45063	8.53827	7.27778	7.20102	7.39062	10.98278	11.46105	8.62719	1.57302	5.62087	7.75794	2.25457	3.39182	6.73429	6.73759
step2_200_2000_5.0_16930.xyz_0	8.49626	10.71923	6.64716	5.79833	5.37816	6.36001	6.41796	6.6614	6.6707	7.12017	6.36952	6.43384	6.99966	6.901	11.44408	10.63806	6.65042	10.01577	7.98478	5.63677	10.93388	9.0783	7.3797	7.78564	8.15161	7.60676	6.5589	6.62125	1.78479	5.24045	5.66111	8.5624	3.23726	9.20918	6.34493	7.01883	4.37349	5.39308	7.45526	6.97735	9.35155	11.76001	8.98244	11.41334	7.54994	7.29976	11.09816	8.73707	6.8525	6.373	6.02018	7.6155	7.7395	7.76914	8.2073	9.43981	1.76125	3.1684	3.00347	2.93801	4.48682	5.00984	5.8649	11.63903	3.74578	10.9882	15.34502	10.09788	2.53533	4.00043	2.8555	1.97106	4.17599	9.3642	2.34994	8.25468	8.17178	7.54389	2.91834	2.33758	10.68915	6.45304	12.17023	1.53934	1.75985	7.87522	8.7677	11.35719	10.12977	10.8672	10.902	7.95638	7.31337	4.13612	9.70851	9.10976	8.97121	2.56434	2.97663	11.33033	9.19616	10.83633	4.78274	9.9228	14.46199	1.58964	7.0845	3.22634	7.26466	2.77022	2.23046	2.5769	5.83151	10.03872	2.27153	7.85472	10.59647	5.69988	4.96471	6.03448	6.42376	5.49802	9.69446	9.151	6.08703	4.15723	2.3666	1.96524	3.02376	1.3293	1.29299	1.61865	6.82372	2.40827	3.74397	1.30746	1.428	1.66639	7.73824	8.00114	10.66108	8.77482	3.14936	4.94833	6.52618	7.49224	7.79945	5.34242	5.6768	7.03417	5.99823	5.48815	5.03093	7.53962	5.33811	2.83035	6.37595	8.98333	8.61138	6.37565	6.53758	2.44928	3.02401	6.04011	2.66442	2.88156	2.41287	7.39166	6.39801	6.78002	6.08972	2.69656	2.00538	6.56536	1.63535	6.76902	6.29075	8.15994	6.29923	5.1422	5.32858	5.83831	1.52367	6.71156	6.23191	6.53584	6.74162	7.29243	7.00568	7.76685	6.74674	7.85669	6.58	4.25676	6.97784	4.64051	2.01946	5.69861	7.00055	6.70698	7.91317	8.84718	9.63006	9.64399	10.44535	9.88279	11.91722	9.68507	11.75132	8.21903	9.23751	10.18963	7.95849	10.32907	12.06327	7.18651	13.02718	4.6948	7.5537	4.08964	3.89024	7.15793	6.98185
step2_200_2000_5.0_2177.xyz_0	8.58695	10.43407	6.78065	6.35949	6.08278	7.19504	6.03928	6.82946	6.83201	6.87826	5.15306	6.6007	6.19016	6.79487	6.34895	11.16309	7.57506	8.65357	7.22212	5.84303	9.82878	11.46561	6.50719	6.54762	7.74568	7.6492	6.42864	6.40645	2.87748	5.82555	5.95621	7.86298	2.22418	6.88369	6.08856	7.37979	4.52276	5.5287	8.48033	8.28207	9.40137	12.06631	8.40628	12.97382	8.06811	4.90814	10.72045	8.45349	7.07655	6.96257	5.94097	8.4237	8.59962	8.56348	8.9295	9.38625	3.25069	4.30471	2.92248	3.34455	5.02451	3.1005	7.10455	11.50504	3.87594	11.62574	2.74666	10.57481	2.43813	4.28281	1.86887	0.95863	2.94765	10.72978	1.73406	8.5122	7.25888	7.88027	4.01048	1.07128	11.6037	5.12076	11.37253	1.88777	2.18059	7.54488	8.12415	9.68498	10.72099	10.57587	11.16832	7.30218	6.68898	6.74625	8.20282	10.32507	8.73647	2.38905	2.92091	11.89699	9.79651	12.96328	4.89556	11.29319	7.18606	1.49152	7.16687	1.81078	7.37858	2.12681	2.36492	2.56641	4.61286	9.40769	1.37621	7.75836	10.38473	5.87764	5.83977	6.69028	4.71579	5.2443	7.88233	9.15455	6.61095	4.01724	0.91762	1.31664	2.18791	2.14319	5.66653	1.61045	6.12274	2.28356	3.62523	1.30253	1.15806	1.76949	8.29725	7.44632	9.97602	8.98192	1.83622	4.7675	6.7951	7.91465	8.54001	5.1544	4.67018	6.69412	5.21134	5.41981	6.99311	8.61696	5.26613	3.24777	5.92572	8.34122	8.08967	5.15731	6.59537	3.23453	2.73587	3.93375	2.11845	2.69266	1.2824	6.47822	8.56053	6.70633	6.00044	2.56543	3.2704	7.31674	2.19429	7.15288	5.97476	8.11648	5.78094	5.13102	5.78319	5.66533	1.25074	7.73332	6.32493	6.63855	6.91663	7.04046	6.84719	7.83939	6.46683	8.61463	6.61163	4.41385	6.6674	4.5922	2.66114	4.17221	6.88969	6.70162	8.83099	9.6461	8.49632	8.33708	9.61593	10.25921	10.41245	9.27461	10.93809	7.96977	7.6641	8.51452	8.63191	10.48751	11.34467	8.44824	1.54123	5.33257	8.31183	1.48701	3.90499	6.9363	7.01287
step2_200_2000_5.0_27766.xyz_0	9.08139	10.66777	6.67759	6.60176	6.45081	6.6645	6.13067	6.72092	6.6255	6.95865	6.84503	6.59992	6.76741	7.07699	6.44692	10.35295	6.29531	9.44608	8.04837	5.48001	11.42711	9.86658	7.60737	7.51639	7.42124	7.71719	6.33356	6.32262	2.38994	5.62513	5.62873	7.93198	2.82819	7.76921	4.69679	7.34972	4.57976	5.35653	6.228	7.49765	9.848	16.42891	9.61643	11.00787	8.07808	6.27491	10.36631	8.25848	6.99874	6.35819	6.37919	8.04602	8.25862	8.23079	8.97438	9.28785	2.01031	2.37996	2.73816	2.53459	4.70215	3.22316	6.25382	11.52153	4.09185	9.71159	1.54351	9.0807	2.47175	3.88917	1.69735	2.38802	4.09707	17.02243	1.81626	7.94987	7.04936	7.77101	3.64577	1.58946	11.70477	5.06842	11.02612	2.25028	1.89904	7.87186	9.22273	7.9839	9.90908	10.97666	9.9062	7.07096	5.7312	6.12429	7.46132	10.53969	7.41437	11.28824	3.73731	12.52618	9.15445	11.428	6.18231	10.8837	7.21002	1.31861	6.62349	3.84969	6.52059	1.84106	1.50595	2.22247	2.98363	8.48967	1.60988	7.59968	11.46575	6.03281	5.48381	6.83093	6.07893	5.19695	10.00263	9.13718	5.86843	3.60214	2.43351	2.21693	2.08432	14.29031	4.24017	2.49085	6.81725	2.36232	0.83469	1.45511	1.31743	3.82932	7.39932	7.60105	10.8116	9.03022	4.04446	4.20455	6.53097	6.73027	7.42587	5.00938	4.13901	6.72565	5.08088	5.36705	5.09756	8.79807	4.77041	5.95593	6.16387	8.38358	8.26192	8.80946	7.43592	3.385	2.72435	3.37107	1.72058	4.36064	5.03717	6.43373	7.13598	7.09462	6.49228	3.68156	2.00236	7.70685	2.11221	6.51889	6.414	10.995	5.89551	5.20914	5.28323	5.94672	1.84025	6.42682	5.34812	7.08516	6.89472	7.81016	6.41562	8.24596	7.02076	9.54559	5.25012	5.39174	6.5261	5.3879	2.55296	5.12617	7.23117	8.21985	7.57451	10.24256	8.10529	6.95909	10.56873	8.842	11.41876	10.74054	11.65754	7.60731	7.63192	6.78146	7.23953	10.54025	11.62986	7.36391	2.09312	6.29691	8.63505	3.11806	3.74362	6.77934	6.8095
step2_200_2000_5.0_28005.xyz_0	8.53439	10.33065	6.71533	6.37953	6.01814	6.03643	6.51837	6.70399	6.86974	6.73794	6.5836	6.74372	6.40452	7.47629	6.33202	11.653	6.6566	9.95742	7.30451	4.69709	12.05914	10.04687	7.35681	5.39601	7.01363	7.81658	6.52981	6.57337	2.50486	6.34811	7.13965	7.52777	2.56178	8.13666	8.59398	7.32612	3.95707	5.06059	6.60998	6.62831	10.62275	11.44322	10.30592	11.02643	8.17033	9.11181	9.72613	8.04279	7.5077	6.2704	6.26129	7.76554	8.94834	9.03994	8.65793	9.46282	1.1411	2.31359	2.97453	3.39804	4.12649	4.79481	7.40009	12.36159	3.52357	10.30261	1.93284	9.37166	2.9211	3.93456	1.73183	2.12425	4.5208	10.35006	1.15766	7.44505	7.89058	10.18992	3.23407	0.59772	12.82067	5.80088	10.77198	1.35989	1.79285	7.80453	9.60357	8.98974	10.55878	11.21091	10.7166	7.26759	7.01417	6.19716	10.69672	9.33858	7.68162	2.88105	2.8207	11.49448	8.88748	11.1329	5.1607	16.45929	6.87198	3.89988	7.03059	2.26168	7.2061	2.76829	3.27424	3.04351	5.41392	9.24366	0.78209	7.40709	10.90467	4.43562	5.33448	6.94917	5.92101	5.60958	6.16164	10.27935	6.76451	3.56034	5.43617	2.03395	0.83017	1.04364	0.9026	1.98471	6.30419	1.95151	4.41194	1.66302	1.10762	1.66459	8.08708	8.75473	9.27552	9.20126	2.02298	4.87284	6.56209	5.63966	7.68268	5.00247	5.24991	6.27118	5.96322	5.2822	5.57802	7.89514	5.89006	2.74632	6.10154	7.96732	7.86731	6.46913	6.98823	3.28574	3.63188	5.13255	2.1974	2.71066	1.36481	6.67349	6.14873	5.85749	5.78892	2.8104	2.16371	6.42609	1.60399	7.40845	6.56971	9.06431	6.11256	4.59694	6.45714	6.28131	1.43503	7.40071	5.39043	6.58	6.62355	6.03435	7.11574	7.68942	6.69022	8.75998	5.86549	4.56711	7.21668	3.15351	2.31114	5.40186	7.03716	8.55173	7.37377	9.73167	9.2635	7.26284	9.15015	10.07545	10.54289	9.11044	10.59594	7.80954	8.15969	6.73469	7.33793	10.59069	11.20769	6.54028	1.28794	4.52926	7.31773	2.57443	3.37672	6.88875	6.6825
step2_200_2000_5.0_4094.xyz_0	9.28702	11.17185	7.03878	6.52778	6.33704	6.31385	6.3061	6.595	6.74538	7.13388	6.38337	6.67325	6.32464	7.11605	6.75109	11.06361	7.36652	9.97834	7.59057	6.05434	10.0313	6.86734	7.28945	6.19426	6.40857	7.60093	6.73973	7.03117	19.06766	5.00368	6.68209	8.47279	2.95271	8.1834	5.7372	6.99379	5.22853	6.15371	7.96831	6.98342	11.2317	11.09507	10.35923	10.23712	7.86739	6.74695	10.34968	7.57675	7.50302	6.62813	5.96193	7.85742	9.20044	8.24722	8.76996	9.37923	1.19523	2.77155	2.8524	2.09018	5.22847	9.02026	6.9623	11.9789	3.62295	10.34578	2.18584	9.43376	1.9514	3.90024	1.61999	1.97307	4.67185	9.29831	1.33356	7.80804	7.10985	8.2738	2.74006	1.12854	11.75529	6.07454	11.20975	1.38108	1.50006	7.62004	8.23786	6.36306	9.15205	10.34306	10.19351	6.94492	6.47357	5.3212	7.21892	11.84727	21.59525	2.72452	3.86931	11.01159	9.25471	9.96844	5.62283	9.93504	6.99289	1.58732	7.193	2.31537	10.38373	2.46466	2.82055	2.72588	4.86905	12.16037	3.0448	7.90403	10.40568	4.42325	5.7973	8.44998	4.49753	6.57099	8.18814	9.0949	6.64125	3.52002	3.33028	2.01144	2.90826	2.40865	2.68953	1.97579	6.37992	2.1513	2.23482	0.90165	1.22815	2.67039	8.23379	8.11683	9.13069	8.44122	2.35533	5.27629	6.57133	6.29598	7.04965	5.13824	5.38745	6.58068	5.48395	5.11455	5.68804	7.2835	5.12211	2.52341	6.29732	13.04212	7.99918	5.89818	7.49521	2.891	3.41593	4.78548	2.04933	2.91686	3.72801	6.6374	9.75749	6.50747	6.31356	3.23478	3.06924	6.24339	0.99299	7.11268	6.06594	7.8542	6.6687	6.42951	5.73905	6.787	2.14404	5.49569	5.45192	7.19668	6.83782	7.15359	6.80396	7.41707	6.95185	8.46975	5.21492	4.63142	6.3417	4.88215	1.92462	5.4663	7.20416	8.20338	10.65187	8.68023	8.26204	8.20437	7.58922	9.31091	10.15624	9.83963	11.51143	7.62782	7.59814	8.46484	8.18087	10.47618	10.18913	7.13834	1.73874	5.8407	7.06047	3.40474	3.56646	6.83118	6.83379
step2_200_2000_5.0_47873.xyz_0	9.58771	11.36056	6.78555	6.44168	5.93225	6.05381	6.3625	6.46688	6.7067	6.91956	7.028	6.80994	7.40994	6.79264	6.66132	11.54723	6.99909	9.46696	8.22576	5.82319	10.03506	10.7515	7.13593	7.69951	7.8235	8.5751	7.27274	7.00014	2.44349	5.86308	5.5418	8.87425	2.45335	8.97404	6.08109	7.25619	4.67524	5.11537	6.65607	7.20861	10.75136	12.80964	9.87474	11.86487	8.48925	7.01564	10.84291	7.92562	8.19361	6.15864	5.8226	8.95266	8.36543	8.47687	8.39226	8.72733	2.9546	3.17397	2.63071	3.50051	7.01334	4.10582	7.32377	11.70477	3.03968	11.5756	0.86445	9.29894	1.90943	4.07245	1.50648	1.69597	6.87508	9.30154	1.12349	7.78153	7.93648	8.98508	2.24059	2.04419	11.9293	6.67994	11.28811	3.17648	1.42658	8.3804	9.16416	9.23993	8.94254	11.41533	10.80659	7.28402	7.7142	5.98724	9.69038	9.94078	7.96046	2.78649	10.88218	11.83793	9.42489	10.93489	6.41874	11.08136	6.97005	0.96819	7.14955	1.74272	7.33033	1.89655	1.86697	2.31208	5.06964	9.9058	0.7973	8.47889	11.10452	5.27556	5.53839	6.52817	6.79794	5.76714	7.90734	9.34613	6.13346	4.07317	2.66376	1.87419	0.88547	0.8622	2.7761	3.69464	6.7197	2.4882	1.27382	1.51264	1.05609	4.03389	8.54777	7.92433	9.97997	8.6294	2.60905	5.82665	6.92508	7.05516	8.35963	5.05631	5.56029	6.75078	5.4087	4.84454	5.36024	9.1324	5.28058	2.26245	5.99579	7.68564	8.11639	5.63257	7.01444	2.61929	2.35225	5.81	1.82228	2.86342	3.11884	6.25545	8.20992	6.86488	7.2216	2.774	1.68079	6.95974	1.19376	8.97918	7.16145	9.28386	6.45401	5.83783	4.73656	5.95606	1.077	7.59072	5.95001	6.40732	6.52619	5.03126	7.17487	8.20369	6.80487	7.63842	6.39182	5.0519	6.69017	3.64531	1.6503	4.77408	7.0494	8.45441	8.44274	8.71253	9.2622	7.0854	8.70539	8.70174	11.81464	9.43856	11.51786	9.07433	7.96701	7.44962	8.17945	11.98739	11.84377	8.35485	2.2167	5.80677	7.61817	2.25392	4.11156	6.92854	6.85877
step2_200_2000_5.0_77285.xyz_0	8.34277	10.58322	7.24555	6.78171	6.45982	5.78021	6.30534	6.92061	6.96748	7.22329	5.76028	6.1897	6.77122	6.91503	6.76709	10.72099	6.49736	9.03194	7.04659	4.6093	11.24444	8.52531	7.02042	7.60725	7.45377	8.12913	6.5719	6.56643	2.26423	6.07677	7.18028	7.3054	2.57981	7.56719	5.37639	7.40406	3.75918	5.65056	5.59691	7.46755	9.44458	11.12647	10.68512	10.4154	8.28743	6.47804	10.05593	7.40799	5.81609	6.43588	5.82869	7.06954	7.51497	7.21517	8.42563	9.40514	1.74472	3.06041	3.11448	4.89019	6.76179	5.01675	6.67257	12.34903	4.36958	10.37573	1.90178	9.90183	2.50825	4.33698	2.75858	1.37654	3.43505	9.60846	3.28703	7.04198	7.29767	9.88162	2.63853	1.98143	11.74325	5.51094	10.94013	1.89304	2.00201	7.75801	8.18785	9.33665	9.1717	9.35415	9.09401	7.47046	7.46032	5.67993	8.21767	9.64491	5.70101	2.96277	3.45162	12.62626	9.05878	9.72323	6.79707	10.40543	6.74507	4.60174	7.21996	3.103	6.6073	2.37043	2.39931	2.92515	7.18767	8.10798	6.33528	8.2132	10.27656	4.94267	4.72914	6.71334	5.7224	5.89841	8.48894	9.10166	6.42415	3.98487	3.08295	1.96526	2.5162	1.70094	2.72323	3.54131	6.29266	2.35046	1.67849	1.45145	1.5725	1.22935	6.74793	8.02064	8.68933	10.68819	2.05359	5.57091	6.3766	6.62802	8.23029	4.9742	5.90087	6.13967	5.05976	5.12412	7.25807	6.77676	4.78072	1.95541	5.89447	8.56987	8.29109	5.64109	7.64299	2.37017	5.43539	5.24353	2.2426	3.09251	3.35834	7.87202	7.1897	6.42756	6.219	3.35585	2.80791	7.25753	3.82656	6.63353	6.53535	10.55538	5.7302	5.39967	5.48968	6.01661	1.24404	7.54263	5.78191	6.92389	6.79547	7.91549	6.96049	8.05324	6.98901	8.58413	6.0626	4.14635	7.15087	4.7685	1.48543	4.4313	6.56276	8.54078	7.75919	8.01059	8.06405	7.14673	8.14721	8.58098	9.76821	9.30351	10.80228	6.95875	5.90331	6.6378	7.24259	9.99441	10.85354	7.94938	2.12332	4.61054	8.03112	2.0012	5.01895	7.06375	7.05671
step2_200_2000_5.0_85412.xyz_0	7.86972	10.37472	6.90881	6.23496	5.90307	6.54869	6.17902	6.92423	6.70109	6.87109	6.42054	6.40759	6.18822	7.09812	6.22035	10.90189	6.03398	9.95571	7.3185	12.67757	10.27085	9.95136	7.78954	8.28628	7.25839	8.24846	6.37199	6.66006	1.76323	5.89958	6.52669	7.31988	1.80088	7.14127	4.51061	7.1952	4.79135	4.80246	6.64698	8.03139	10.98886	11.16439	9.74077	12.10636	8.67993	6.92306	10.19204	8.42643	7.76315	6.23811	5.73795	7.03494	8.34963	8.40723	8.40966	9.32337	2.044	2.26897	2.9739	4.5054	5.6391	3.67005	6.41242	11.65011	3.41544	9.91549	2.69962	13.63952	1.98209	4.24239	1.77697	1.91426	2.98138	9.25863	1.95654	7.93627	7.00377	9.00246	3.40739	1.8753	11.59445	5.86651	11.25693	0.59731	0.80098	7.99487	8.56993	10.81869	11.63676	11.88292	9.95196	7.51751	6.36113	4.5008	8.52905	8.82857	6.8587	2.68388	3.87436	15.65672	7.4708	11.51129	5.46855	11.59026	7.06798	1.84017	7.7437	1.75923	7.78179	2.04728	2.08305	3.31791	6.00919	7.95475	2.98792	7.86765	11.3664	4.75308	5.38962	6.08342	5.14945	6.19103	8.34007	9.96482	6.45967	3.7992	5.43842	1.78443	17.08853	2.23542	5.29179	5.77282	6.52369	2.03727	2.3461	3.58892	8.02718	9.19784	7.24291	7.63002	14.26418	8.46129	2.11712	5.20193	6.40604	8.65389	5.53594	4.78998	5.16606	6.39394	5.58248	4.96704	6.25562	6.14418	5.28644	2.88461	6.36158	8.09892	8.18886	6.20132	7.49629	2.89429	2.45867	3.87824	2.32511	3.24917	3.474	6.4417	8.6948	6.47085	6.67226	2.49514	1.61046	7.13896	3.40173	6.82808	5.73995	8.23994	5.77739	5.95131	4.58357	5.02091	1.35734	6.74865	6.36628	6.67401	6.8924	7.98571	6.62843	7.56735	6.82538	8.48353	6.64671	4.88758	7.36319	3.71514	1.61093	4.7336	7.76682	9.3189	7.6197	8.14094	6.7928	7.93008	7.89182	8.75922	17.32807	8.77356	11.10138	9.06229	6.56938	8.29235	7.52692	16.33995	10.38271	5.92749	2.53309	5.10961	7.61582	1.87137	3.63548	6.96136	6.94602
step2_200_2000_5.0_86398.xyz_0	9.73375	11.17603	6.76899	6.98823	6.83359	7.14334	6.08885	6.48604	6.73535	6.88399	7.52341	6.44318	6.50152	6.7256	7.01014	11.30478	6.83009	9.92397	6.61012	5.51962	10.7342	9.67448	6.89864	6.02962	8.01169	8.11703	6.84534	6.79606	2.4351	4.51428	5.26284	7.2372	3.32256	7.15604	5.73158	7.49717	4.44048	4.97899	7.42603	7.7605	12.01804	12.1048	10.41808	11.61799	9.21027	4.65598	10.86896	6.9695	6.93918	6.36297	6.16134	6.28067	8.04395	8.05178	7.6572	9.31226	1.25674	2.60178	2.42181	6.03988	4.38233	5.27308	6.39796	11.60756	3.55624	11.18865	0.98346	9.11058	1.98189	4.23776	2.31188	1.97725	2.97904	9.41693	1.71686	7.86526	7.79552	5.91132	2.81224	1.17916	11.13753	5.58143	10.64663	1.31426	2.09347	7.80497	7.81451	11.10204	9.53371	10.70138	11.713	12.62694	7.56479	6.28116	9.17831	10.25084	9.46705	3.09775	2.4457	11.62988	9.75231	9.30376	4.9177	10.69358	7.23689	1.69467	6.9997	2.90716	7.21386	2.35527	2.58546	3.20741	5.13261	8.83099	3.30665	7.23421	11.00527	5.27936	5.43864	6.1579	6.50098	5.61837	8.93118	9.08252	6.21794	3.897	2.7054	0.84017	1.42888	0.77334	1.54397	1.34637	6.06013	2.07404	2.62383	1.85702	1.03499	2.14614	7.52622	7.64816	8.52881	9.14878	1.34542	4.76477	6.74725	6.64583	7.2734	5.21743	5.89278	6.85157	5.55649	5.59677	6.69494	7.77609	5.29358	3.80693	5.68501	8.4681	8.1529	6.3343	7.42173	2.61629	2.56256	3.61944	2.66464	2.44055	2.05038	5.97163	6.54453	6.75123	6.43999	3.41971	1.60496	7.26654	1.45287	6.74395	6.21133	8.28255	6.61964	6.04469	5.27889	6.27052	1.66903	7.11754	6.76996	7.52798	6.05105	7.35204	7.42156	8.29198	6.90177	7.78434	6.14901	5.6406	7.5553	3.47251	2.36979	4.82907	7.3436	8.11585	8.5939	9.80573	9.39176	5.80353	7.71627	8.47175	10.84464	9.93501	11.79904	13.78176	6.77742	6.12786	7.75055	11.13966	11.84849	7.30999	2.13609	6.04779	7.66172	2.70163	4.02896	6.72271	6.74645
step2_200_2000_5.0_86498.xyz_0	8.90098	10.31605	6.7042	7.13988	6.64503	6.94143	6.33002	6.81798	6.62764	7.1396	5.32978	6.91286	6.4245	6.72045	6.60901	11.091	6.09334	9.83338	6.90601	6.07639	10.32283	9.41069	8.21137	7.87222	7.54889	9.73285	6.24525	6.28844	2.09582	6.80891	5.38388	7.83143	3.37064	8.09966	8.02212	7.27764	4.1782	6.59271	6.75814	8.52598	11.16758	13.18494	9.38038	11.28554	7.75356	5.0897	10.87476	8.05119	6.51563	6.51561	5.99796	8.40376	8.22504	8.64662	8.42002	9.62076	1.50116	2.57191	3.34463	3.30372	5.79791	3.46019	6.5994	10.34793	3.76473	11.24882	1.72304	11.6013	2.51279	4.51096	3.83999	1.66939	2.63907	8.74066	1.38615	7.861	6.88576	8.43839	2.89195	0.7676	11.41463	5.55995	11.64998	0.88074	1.34316	7.53757	9.40054	10.56132	9.46972	10.96059	10.7358	7.45319	6.00187	6.54902	8.48588	9.97059	7.67046	2.71041	3.74516	12.2424	9.85522	11.2195	6.41244	10.70256	7.14013	1.07906	7.00128	2.22657	6.85748	2.35761	3.52203	2.83891	5.50554	9.82742	3.96237	7.98049	10.74812	5.43918	4.53229	6.47069	6.8843	6.02924	7.71907	9.13774	6.57017	3.39163	1.5183	1.95217	0.87783	1.34141	1.37434	2.63289	6.47008	1.39226	1.31145	1.1393	1.08003	1.38664	8.52042	7.46742	8.72916	9.10525	3.43783	4.60736	6.42648	9.14377	9.1182	4.84607	5.07478	6.89835	5.55859	5.61254	7.3645	9.43429	4.6207	2.94132	5.95801	8.16824	8.42669	6.21263	7.01246	3.22501	2.78386	3.87515	2.51541	3.23559	1.48153	5.84169	8.00048	5.9185	6.89695	2.27201	2.34826	7.40509	1.54368	7.33639	6.2717	9.78087	6.22734	6.01866	6.13773	6.63034	0.86754	6.92884	5.35824	7.23613	6.94737	7.04923	7.55102	7.44251	6.71061	8.74154	6.89026	5.74526	6.04695	4.21084	1.98194	4.36407	7.4709	8.45838	8.00548	8.02385	8.29168	7.81491	8.54809	9.62477	10.70519	9.4865	10.42479	8.78687	6.281	7.95818	7.50879	11.18206	10.88757	9.01742	1.40218	6.7581	7.97413	3.21441	3.52775	6.90326	6.89283
complex_1	11.43588	10.83505	6.75703	6.92813	6.15734	6.43721	6.4111	6.89634	6.91883	7.14106	6.30778	6.64615	6.65746	6.82444	8.03841	11.93601	7.65887		6.83024	7.20707	10.55391	10.01595	6.09754	6.27525	7.30393	9.38143	7.61179	1.70959	6.80566	5.97154	5.22125	6.90294	6.49822	6.04091	5.29948	7.44729	7.54402	2.83634	9.09008	7.71403	10.48047	10.19488	7.52321	11.59329	10.89062	6.48709	11.07441	7.19981	7.07055	5.30092	7.66488	8.65918	7.46756	3.98991	7.37992	1.9754	2.99327	1.87203	3.02319	1.31857	5.2363	3.89444	7.28039	10.95485	1.16592	11.40106	7.3576	9.56834	5.1647	7.5948	7.03512	2.59248	7.06641	11.71092	1.18563	6.58664	6.76161	8.33089	1.94887		11.31317	7.83707	10.67532			6.34925	9.57528	10.42389	10.36921	10.49924	10.37989	7.19782	7.05141	6.92557	10.8134	9.376	9.47123		10.93101			9.40827	6.47641	11.43582	7.06824	0.6271	4.15799	4.77522	4.26831	5.81416	7.59792	3.79105	6.14269	9.71377	6.55559	2.39756	9.79571	7.19704	5.90224	5.42115	5.30117	7.24761	7.57752	5.66553	7.98748	3.75826	2.94276	4.53954	4.11496	4.17241	7.21641	2.84602	6.0888	0.69921	3.39302	3.93606	1.33879	0.81307	8.13551	7.79784	8.52884	9.2485	7.03812	4.62432	4.98663	6.15726	7.03778	6.88145	5.90737	5.82268	4.87329	7.26319	5.3375	5.44731	6.8811	6.78855	1.84755	8.22796	7.98838	6.06767	5.93482	1.69799	6.86558	3.07249	2.44772	2.4769	3.02382	7.05542	6.85278	6.62994	7.62296	6.20435	1.93953	6.31216	2.88022	6.88964	7.11461	7.17175	8.58742	7.28017	6.45998	6.52178	2.1595		6.11307	5.15011	5.25364	6.79101	6.13786	7.78002	7.07255	8.40183	6.15542	0.8896	5.33626	6.27885	5.11606	6.93034	7.75695	8.33675	7.52976	8.08908	7.31805	8.73049	7.16061	10.65553	9.35497	10.35498	9.03017	8.63785	9.32426	9.29029	7.11086	9.03168	8.99862	6.59666	6.75932	7.01874	5.24167	1.7882	0.85003	6.76867	6.77782
step1_200.xyz_1	11.44709	10.74553	6.73793	6.88724	6.1901	6.45585	6.37708	6.86404	6.91818	7.14716	6.27257	6.62311	6.63988	6.802	7.96671	11.80077	7.63502		6.8217	7.18243	10.43604	9.89066	6.05994	6.07648	7.27513	9.46113	7.58416	1.79031	6.73412	5.89789	5.21176	6.87515	6.4804	6.14022	5.20028	7.33826	7.476	2.77523	9.20177	7.72708	10.33741	10.08897	7.63165	11.48052	10.81689	6.54421	11.00205	7.09891	6.9941	5.36875	7.60988	8.61363	7.53928	4.13609	7.56048	1.90208	3.1002	1.83471	3.00584	1.27762	5.2469	3.7858	7.10791	10.95452	1.19482	11.56275	7.30636	9.61012	5.12578	7.66533	7.07961	2.40993	7.08256	11.77859	1.20896	6.4736	6.73609	8.24349	1.92673		11.20447	7.79018	10.65922			6.35283	9.51727	10.20703	10.17189	10.41069	10.50181	7.20946	7.09206	6.85658	10.68669	9.75049	9.37639		10.86722			9.28774	6.38511	11.56984	7.11981	0.67309	4.24182	4.82518	4.28243	5.75275	7.67232	3.85275	6.01797	9.74867	6.58823	2.38489	9.72762	7.25714	5.89608	5.34416	5.26294	7.15195	7.49973	5.67946	7.94341	3.75616	2.95396	4.52262	4.10522	4.14911	7.19144	2.85463	6.10254	0.57954	3.43082	3.96726	1.42999	0.89165	8.24037	7.68122	8.53647	9.26774	7.05521	4.81453	5.09244	6.06601	7.01974	6.77848	6.07003	5.96572	4.97932	7.1523	5.44722	5.58952	6.74448	6.87534	1.8882	8.30693	7.98857	6.09974	5.9478	1.44122	6.88088	3.09625	2.49537	2.49029	3.00589	6.90562	6.95421	6.73724	7.65423	6.27186	1.92519	6.39289	2.88465	6.95434	7.07396	7.05783	8.5579	7.183	6.44252	6.47452	2.1186		6.18689	5.11801	5.23455	6.82633	6.0587	7.77578	7.02436	8.36126	6.05826	0.73866	5.30197	6.21178	5.04849	6.95439	7.69048	8.32206	7.52614	8.07968	7.47306	8.78411	7.30216	10.64657	9.3334	10.3095	8.97274	8.54154	9.20719	9.41975	7.13412	8.96781	8.93924	6.66952	6.73031	6.96031	5.15492	1.76186	0.8924	6.73894	6.75378
step2_200_2000_5.0_16930.xyz_1	12.00318	10.20851	6.69108	6.97239	6.09818	6.43593	6.54342	7.29967	6.9864	7.31218	6.99892	6.69985	7.12025	6.72911	7.56138	12.24803	7.38809		6.88548	7.75055	11.08434	9.24927	5.39881	7.14623	7.05875	9.33112	8.23086	2.22406	6.58524	3.37218	5.62203	4.70057	6.21951	5.88723	3.63638	6.98763	7.39193	2.47472	10.09774	7.34158	9.33182	10.48989	8.63803	11.21978	10.60023	8.32375	10.72793	8.07209	6.42304	6.44225	11.50608	9.27491	7.5044	4.87378	7.58354	1.33211	4.30683	2.61363	3.09764	1.60904	4.75658	4.97319	8.35789	15.04395	2.38626	11.28271	7.15166	8.90031	5.54784	7.68517	7.36031	2.28846	8.22149	10.8243	1.61692	6.63146	7.00595	7.58646	2.24784		11.07684	7.97302	11.64476			6.61529	9.19666	9.5095	9.78741	10.37741	10.53925	9.08802	7.44346	6.43385	10.34332	8.49275	8.41864		10.87403			9.37453	4.54441	10.94575	6.65403	1.39655	5.27813	4.51445	4.56432	5.34412	7.59128	4.33974	6.10342	11.26916	6.43931	2.41035	8.69306	7.09854	5.71644	5.07328	5.5774	8.01655	10.09777	5.74231	7.88396	4.67663	3.98236	4.74993	4.33187	4.13775	7.43163	3.11346	6.3235	1.14655	3.54936	4.19814	1.31746	0.88191	6.41982	8.28077	9.34684	8.63975	7.01884	5.16159	5.18244	7.43244	6.12689	7.17832	6.59501	6.91869	5.808	7.29053	5.58874	5.90275	7.10486	6.80687	2.80924	7.9198	7.53444	5.70814	6.86723	1.61344	7.24392	3.45903	2.22151	1.60187	3.20746	7.53446	6.68472	7.83586	7.21757	6.98404	3.56364	6.39756	4.06963	7.15277	6.81544	7.54007	8.15505	9.80112	6.07663	5.72838	2.26052		5.96084	7.31681	5.38948	6.63809	7.19454	7.43587	7.02844	7.24705	5.52785	2.22562	5.73345	6.33087	5.77178	6.92052	7.3378	7.33806	8.42919	9.36544	6.75021	9.09655	7.52814	10.55547	9.06397	10.88724	8.61933	8.42532	8.83505	8.51097	6.14012	8.74477	8.75204	5.66873	6.98093	6.91351	5.15899	3.61417	1.78896	6.94289	6.86883
step2_200_2000_5.0_2177.xyz_1	11.30677	9.616	6.81538	7.12254	6.62786	6.42655	6.31585	7.0969	7.11421	7.25787	6.7101	6.66189	6.7275	6.93711	8.27889	11.53538	6.76906		5.88723	6.75478	10.87201	11.36689	6.00751	6.28547	8.80582	9.68318	7.79921	2.71021	6.30463	6.33166	4.90206	6.56686	6.84464	6.14177	5.33834	7.36833	7.25738	2.90897	7.95484	8.72162	9.4791	9.85212	8.99059	12.23653	10.53145	4.94892	12.0845	6.0451	7.26435	5.57612	7.2293	8.1597	8.42325	3.89233	7.71482	2.40408	3.34954	2.24471	4.68377	1.04993	5.227	3.14977	6.78598	10.20458	2.29103	11.88367	7.24116	10.46988	6.0043	7.84768	7.10935	2.15345	6.00506	11.89769	2.05683	7.56334	7.25193	6.85007	5.32351		11.38379	7.23266	11.04922			6.62775	8.70259	10.28424	9.16888	10.61011	10.49804	7.70114	7.94015	7.2172	11.28043	8.13059	7.66036		11.1943			9.68344	4.7868	11.30416	6.9943	1.64361	4.60413	4.86246	4.55093	5.53171	7.9573	5.2352	6.52632	9.05941	6.07025	3.0775	9.56029	7.68074	6.4818	4.63164	6.69195	7.66431	7.87341	6.19128	7.9876	3.66554	3.25856	4.96474	4.28354	4.14733	7.78957	3.22016	6.08915	1.92897	3.49266	4.30569	1.78368	1.43367	8.95435	7.78436	9.57216	8.81011	6.94402	4.70046	5.28906	7.03819	7.08718	6.79774	6.96599	6.12966	5.48562	7.05423	5.05566	6.09071	6.63766	6.49844	1.77998	8.0981	7.86663	5.40459	5.90981	2.28639	6.77519	3.72962	3.75821	0.94269	3.24524	7.45598	6.76943	6.46855	6.89381	6.8551	3.5277	6.26051	3.41955	7.05367	6.4014	6.09476	8.68738	7.78003	6.423	5.35975	2.45522		5.79351	5.40852	5.91138	6.64714	6.59399	7.74571	7.00644	8.53605	6.55322	2.69393	5.15068	6.63428	5.12815	6.96129	7.13544	7.90522	9.16378	8.72844	7.27	8.37889	7.63622	10.85349	8.95464	10.96097	8.46669	8.01186	8.43542	9.66629	7.65435	8.47204	8.23896	6.15493	6.57829	6.96019	5.70748	1.81852	2.10445	7.00026	7.01093
step2_200_2000_5.0_27766.xyz_1	12.02605	10.35277	6.86992	7.10821	6.38842	6.54268	6.46221	7.06274	6.94045	7.44617	12.64483	6.71872	7.05114	6.90675	7.05596	11.74032	8.03582		7.2494	6.10578	11.29827	10.18058	5.88147	6.90956	13.99605	12.63394	7.93133	2.11449	6.28891	5.67198	5.54784	7.38046	6.89973	6.71755	7.58407	13.59249	6.96607	1.92564	9.24016	7.82549	10.54789	11.78804	8.2322	11.06775	11.30481	5.72765	10.51865	6.92149	12.38008	5.50112	7.92504	9.11004	7.55807	4.31627	7.81569	1.88189	2.17144	2.08754	3.52914	2.8742	5.53861	3.63726	7.87343	10.44979	8.07203	10.84252	7.12106	9.75261	4.80082	7.40564	7.26223	2.51185	7.19069	14.24265	1.09404	6.77511	6.74121	14.28164	3.04386		16.85991	7.34113	9.86802			6.45676	8.162	11.10651	8.74636	11.16358	9.74983	7.37481	7.44295	6.48635	10.36223	10.27797	8.82689		11.39481			7.26742	7.07857	9.95289	7.11726	1.67289	4.40575	5.10575	3.89869	4.60189	8.00082	4.24128	6.19359	10.10334	6.47803	3.89721	9.29119	6.74186	6.92066	5.8609	6.71967	8.1788	7.16918	5.25108	7.74585	3.95966	4.15142	4.9498	5.10963	4.32895	7.36218	2.97198	5.98079	1.31959	3.82872	4.78415	11.77873	1.46523	7.75205	8.02044	8.34394	8.47174	7.50461	4.08474	5.51872	6.56578	6.60491	7.35019	7.13951	6.43042	4.9493	7.4341	5.65564	6.18566	7.20036	6.90439	2.9161	7.83408	7.5799	5.90089	6.03812	3.60846	6.86312	3.32128	3.15515	2.45501	11.29787	7.04409	7.36344	6.38192	7.22624	6.8665	3.69498	6.37139	3.14684	6.48841	9.14681	7.69481	10.00929	7.30386	6.31186	6.06357	3.15055		6.251	4.4649	5.68937	6.58365	6.03547	7.96082	7.19064	7.64797	10.18199	2.09894	10.34723	6.44741	12.39909	7.14433	7.64817	7.41055	7.43577	8.5495	6.77458	8.04034	7.64588	9.21194	9.68905	8.87418	8.72737	7.91325	7.59296	8.74455	7.86162	8.73727	8.87493	7.33077	6.98382	5.80965	4.90779	2.33804	1.60246	6.78832	6.79275
step2_200_2000_5.0_28005.xyz_1	10.79311	10.46977	6.74854	5.74935	5.89853	6.24303	6.41644	7.07325	7.10744	7.13244	5.97521	6.51441	6.8976	6.72292	8.34245	11.94401	7.34662		6.53247	7.87286	11.65051	9.69425	6.52889	5.05837	7.52219	9.29422	8.10743	2.80878	6.40046	6.09506	7.02962	6.81457	6.6713	5.27914	6.61567	7.01984	7.36535	2.91511	7.58671	7.43609	10.46654	11.32483	8.23544	10.34094	10.02917	7.33706	10.48445	6.51476	7.31293	4.77301	16.11762	6.9861	7.92954	4.83064	8.16073	2.31342	2.98948	1.87846	18.66253	2.19326	3.42327	2.57986	6.02836	10.57866	1.87734	11.6173	7.10036	10.42526	5.18454	7.24478	7.3983	2.41119	6.39161	12.25448	2.00824	6.53915	5.75699	8.04484	2.54631		12.23633	10.30979	9.75692			6.29424	8.04239	9.14256	9.51323	10.44894	10.82123	7.82006	7.3103	6.30599	10.65452	9.45859	9.05516		11.55408			8.3841	4.6086	10.08442	7.08902	3.69829	5.50788	4.47061	4.66916	5.39582	7.84349	5.66059	6.6108	8.74123	6.02166	3.73198	8.53071	7.11129	6.13868	4.15545	5.83218	6.34304	7.53095	6.07946	7.95134	3.7075	3.2888	4.57559	4.17601	4.20286	7.28692	5.14831	5.99558	1.35139	3.55033	5.05226	1.87558	1.64532	8.80156	6.83098	8.63833	8.57779	6.6049	5.06931	5.87177	6.14647	7.92008	6.82675	6.2901	5.83546	5.87213	7.20742	5.85979	5.68289	6.23727	6.81785	2.00506	8.05612	7.84269	5.56361	6.28127	2.41546	6.62365	3.88991	3.55254	2.68567	3.24437	6.56052	6.34947	7.12723	6.92046	6.82952	2.39865	6.20342	4.03042	7.11765	7.40717	6.66003	7.92325	6.67398	6.59961	6.03403	3.59465		6.7898	3.90104	5.4905	6.74533	5.73382	7.5395	7.0985	8.45328	6.80632	1.15856	6.20034	6.37661	7.1586	6.76595	7.6335	7.02818	7.35891	9.60373	6.95305	8.06329	8.17677	9.79408	9.94321	9.9566	9.08479	8.09697	8.51109	10.00793	7.1854	7.83214	9.23876	6.18084	6.78876	7.10729	5.79429	1.96217	2.51398	7.08423	6.81018
step2_200_2000_5.0_4094.xyz_1	10.26512	11.05545	6.9579	7.47018	6.07706	6.47718	6.57646	6.98243	7.20638	7.38809	5.92904	6.71874	6.86514	6.49274	7.24405	11.58381	7.55308		6.7683	7.42426	11.00542	10.15224	5.87918	4.48944	7.61024	9.25451	7.90737	1.69029	6.6838	5.45764	5.84526	6.69152	7.09311	6.76572	4.53982	6.68938	7.2038	1.80079	8.87467	7.54698	9.37633	8.7903	8.09214	10.89371	11.02718	7.37029	10.36158	6.52222	6.0698	4.61285	7.0099	8.23002	8.83225	5.02969	9.2161	1.50822	3.95771	1.82285	3.66953	1.96109	6.19073	5.09157	6.45205	11.2922	1.31122	11.14823	7.37229	9.94626	6.14449	8.21063	7.45126	2.30588	7.56897	10.46902	1.11171	6.72302	6.73732	8.38744	3.10631		10.26703	7.67782	9.84561			6.51118	8.36191	9.71246	8.23149	10.07817	9.97239	7.25914	8.65783	6.05451	9.10422	10.07111	9.26516		11.24058			8.75154	5.71036	10.41997	6.99884	0.9476	5.07038	5.47964	4.72357	4.05645	8.0733	3.87758	7.21703	15.43592	6.76816	3.96322	9.24053	7.6343	6.88315	11.38812	6.10807	8.36596	7.11145	4.66922	7.86297	3.72126	4.32568	4.60768	4.6593	4.61996	7.31929	3.25827	6.49312	0.65622	3.62837	4.36599	1.55918	2.30655	7.56928	6.89276	8.74117	8.18725	6.99462	5.14398	5.54243	4.9111	6.22733	7.13319	6.98646	6.42375	5.1613	7.67117	5.2269	5.98469	6.71315	7.13375	3.16927	8.11721	7.47094	6.93355	6.69892	3.9226	6.22297	3.3736	3.94165	0.95255	3.74732	6.96566	7.67063	6.13733	8.34163	6.68588	2.26111	6.86676	2.97794	7.81322	6.92295	6.3659	8.08423	8.6192	6.49934	6.19908	4.41479		6.03041	3.90375	4.78959	7.11127	6.15849	7.15628	7.28621	8.118	6.58891	2.4048	4.76393	6.45008	4.33812	15.83664	7.81641	7.28104	7.63809	8.43765	7.57017	8.58771	8.03618	10.37586	9.01772	9.73584	8.28267	8.16882	8.11058	9.54457	6.84871	8.09638	8.26708	6.5265	7.02002	6.33942	5.24859	2.77004	1.28391	6.88777	6.91635
step2_200_2000_5.0_47873.xyz_1	11.76158	11.78571	6.88458	8.01202	7.06521	6.43915	6.55425	6.98572	7.09395	7.25548	5.38282	6.75145	7.72291	6.82567	7.58188	11.50262	8.06245		7.10669	7.50223	9.73992	8.62929	6.17281	6.23899	8.24283	10.29114	8.52788	3.29424	6.9826	5.19178	5.09669	7.70401	6.71718	6.4194	6.05227	7.26789	6.95905	3.10164	8.02471	9.53706	10.0388	11.42638	8.02603	11.20077	10.42822	7.16669	11.76855	5.26906	6.8074	5.09035	6.96641	8.28088	9.01008	8.22962	8.3476	2.90426	4.22443	2.50318	4.52981	3.20142	7.07156	3.58891	7.15739	10.26048	1.80232	11.69395	7.20716	9.94865	4.35929	7.45611	7.11376	2.19045	5.77029	11.27652	0.98258	6.67676	7.31389	8.94568	2.67103		11.00519	7.16471	10.34364			6.45354	8.70028	10.53057	10.52376	10.70729	9.58919	7.37192	8.03037	5.07328	10.68122	11.24188	8.32638		10.63058			8.18506	5.70096	10.2188	7.04275	0.93387	5.25229	4.6039	3.99453	4.01173	7.41943	5.57124	6.19082	10.04636	6.68824	3.00932	10.30024	7.12833	5.5525	4.66464	6.5525	8.47898	7.59905	5.06354	8.3802	4.46774	3.31297	4.90917	4.12144	4.06782	7.42425	3.11835	7.00205	1.31557	3.59794	4.68848	1.45444	2.63744	8.50663	8.22878	8.12708	8.73715	6.82962	5.22347	5.45109	5.20409	8.19883	6.81822	6.52407	6.16186	4.64209	6.84527	5.66193	6.08551	6.78822	7.04604	2.75445	8.10082	8.40846	6.30504	6.73885	2.30706	6.93364	4.44825	3.44082	1.62942	3.12836	6.2099	7.50162	7.52175	8.61137	6.78329	1.48851	6.2609	3.23986	6.8163	7.62869	7.79237	7.83866	7.9498	6.13289	6.39592	2.48289		5.9065	4.74888	4.732	6.42327	6.23795	8.03182	7.21024	8.50895	6.40612	0.98595	5.34543	7.47094	5.41929	7.14933	7.44875	9.63248	8.09132	8.38527	8.06194	9.44002	5.09903	9.34091	10.25478	11.30187	10.45425	9.52881	9.44723	9.23189	8.68573	9.30959	9.09409	7.28992	7.83889	6.259	5.30697	2.13818	1.75941	6.79354	6.72369
step2_200_2000_5.0_77285.xyz_1	10.73085	10.63643	7.24012	7.80818	6.45176	6.66487	6.61079	7.16085	7.18594	7.53347	5.94197	6.70657	6.89637	6.29528	7.61515	12.55003	7.27192		6.4824	6.67244	11.05079	8.72502	6.33944	7.3366	7.35276	9.65887	7.69044	2.15191	6.17583	6.44951	6.86748	6.75412	6.6763	6.25135	6.18105	7.06778	6.89382	2.34089	7.68552	5.91724	9.91941	10.09567	7.98641	10.77416	10.02571	7.42886	9.58392	8.10986	6.59228	5.52391	7.50633	9.34008	7.80286	4.12659	7.82196	1.65164	3.45704	2.00987	2.72525	2.35226	5.8524	5.45435	7.05217	9.08828	2.40608	10.57937	7.09381	9.55695	4.35341	7.86922	7.51813	2.06369	7.71868	11.08352	3.36153	6.46242	6.60526	7.38076	3.33713		10.75683	7.81329	8.83775			6.42547	9.13447	8.13452	7.44543	9.50671	9.53714	7.54421	7.7697	6.41151	10.16333	9.60689	8.96083		11.64087			8.97191	5.97443	10.274	6.68229	2.45748	5.08651	4.90891	5.51366	4.23688	8.02281	5.82339	6.63254	10.73961	6.39864	4.11374	9.69697	6.71104	6.26348	5.20467	7.15006	7.58751	7.9698	6.13391	7.74524	5.47939	3.01564	4.85213	4.27412	4.28848	7.25466	5.29404	6.07832	3.43661	5.28233	11.38041	2.43089	1.27436	7.43086	7.92426	7.89868	8.96329	6.82759	5.61391	5.04254	6.90779	6.84542	6.88648	6.49437	6.64809	4.99429	7.92588	5.54754	5.405	6.4958	6.98194	2.49856	8.12963	13.70916	5.78699	5.75524	2.03652	8.25999	3.66204	3.14596	1.54948	2.92624	7.57919	6.84981	7.32181	7.2642	6.8929	2.78012	7.00371	3.77645	6.66713	7.12522	5.61482	7.97135	6.72678	6.31238	6.0866	2.92856		7.23987	5.11037	5.08754	6.94549	6.32167	7.5397	7.19928	9.48308	5.93444	1.6443	4.17122	6.96621	5.39777	7.02592	7.15852	9.37047	7.53616	8.40154	6.27185	8.3649	5.95479	9.27955	8.41731	9.16018	8.14695	8.34437	8.31547	7.81922	6.03603	8.41973	7.90347	6.99199	6.46169	6.97715	12.81715	2.03134	2.80073	7.00334	7.00749
step2_200_2000_5.0_85412.xyz_1	11.20982	10.35081	6.89122	6.49883	6.10099	6.47671	6.43057	7.24359	7.08891	7.31158	6.54446	6.6501	6.40757	6.96429	8.19274	11.98238	7.39899		6.63246	16.58699	11.01085	10.76479	6.31638	6.85752	6.86748	9.63859	8.17426	3.68398	6.52839	5.01362	6.30893	6.70319	6.06665	6.7567	5.52079	12.89672	10.03284	2.24774	7.50145	8.15297	9.93998	11.32087	7.3858	11.5775	10.17475	6.45375	11.26857	7.10431	7.11419	6.21516	8.2631	9.4012	7.3931	4.13185	7.81764	1.76889	3.20244	2.35857	3.66866	1.5743	6.36937	2.47291	5.14933	11.15507	2.20195	10.81883	7.35446	9.83405	4.97087	6.81493	6.34181	2.70083	10.71547	10.94295	2.45105	6.36247	6.7141	7.50649	2.02669		10.16798	7.72774	10.46373			6.40596	8.38649	10.34612	8.93032	11.15647	11.37098	7.24698	7.6888	6.89601	10.53107	11.33897	7.43414		10.09413			11.3995	6.1662	11.69204	7.13208	1.79289	4.89748	6.045	4.40051	4.84565	13.49216	5.04808	7.3221	8.52335	7.13457	3.09942	9.56947	7.68225	5.70781	5.49823	6.48147	7.67055	7.94164	4.608	8.04626	3.86961	3.20087	4.71248	4.21655	4.03739	7.47531	3.99202	6.20351	0.61845	3.67915	5.04944	17.24229	1.74606	7.62655	7.70073	8.6898	8.03147	6.98973	5.15475	5.04317	5.84731	7.293	6.27826	7.07276	6.09557	5.55845	7.01617	5.61534	5.82402	6.5561	7.03342	9.78512	7.99049	7.44699	6.56831	7.40634	10.77517	7.00504	3.62865	2.57563	1.19565	3.20441	6.80032	7.34424	6.71749	7.36064	6.31392	1.7558	6.29297	3.27711	7.2456	6.35222	6.99462	8.69237	7.26182	6.35868	6.30012	2.40734		6.23638	5.90148	5.61827	6.98686	5.5787	7.29649	7.19634	9.01217	6.52126	1.00271	5.3225	7.52942	5.12703	7.01961	7.92151	7.47223	8.329	8.34804	6.38077	7.32358	6.28277	8.59963	9.0238	9.93062	8.63455	8.08487	6.67162	8.91114	7.36832	8.1726	8.70221	6.99849	7.30407	6.23472	5.73001	2.13118	2.63502	6.89732	6.91082
step2_200_2000_5.0_86398.xyz_1	11.47691	11.59638	6.68892	7.02143	6.47526	6.43314	6.25277	6.77629	7.15065	7.05927	6.26218	6.59665	6.84601	7.02637	7.81693	11.58326	7.59244		7.15176	7.3783	10.83876	9.84174	5.69301	6.55648	8.67261	9.52073	7.56172	2.25939	7.15883	6.74164	6.1188	6.97394	6.83333	6.57686	3.25473	7.39769	6.63857	1.885	9.4866	8.2348	8.95419	10.55629	7.73483	11.14737	11.05565	4.90899	10.85142	5.94927	6.9802	5.95449	7.8356	8.28685	8.01875	4.38116	7.80765	1.53528	3.80006	2.07732	3.22331	1.8374	5.96592	7.12392	7.50167	9.80986	2.59513	11.53964	6.89325	7.56974	4.16316	8.05224	6.31458	2.94427	5.73541	11.14126	2.32738	6.4185	6.72041	8.34255	2.13769		10.9972	7.61863	9.94782			6.25941	8.486	6.32059	9.42044	10.91036	12.28142	8.29599	7.48174	6.5168	9.91997	8.76707	9.32282		10.73999			8.80642	6.77946	10.80704	7.0933	2.41561	4.72721	4.38783	5.94665	5.87137	7.72159	4.37284	7.26092	10.52141	6.18636	3.13307	9.99488	6.76404	6.56248	4.78453	5.77161	6.46525	7.36972	5.41837	7.86062	3.83066	3.09921	4.62856	4.17816	4.2386	7.56406	9.90795	6.14427	0.97657	3.16672	4.16489	0.99011	1.61027	8.23141	8.12292	8.30219	8.73529	7.25963	5.02759	5.84058	4.85	11.20385	7.01836	6.51176	6.38784	5.75565	6.86996	5.77008	5.51049	6.95511	6.45316	1.91089	8.03962	7.76343	5.98313	6.28826	1.1898	7.10132	2.81881	2.94149	1.09685	3.55982	6.62855	7.21646	7.08454	7.34611	6.53016	1.53072	6.20005	3.25498	7.03405	7.09495	6.5546	8.35616	6.94215	6.31224	5.37604	2.49143		6.58491	5.30705	5.07108	6.71463	6.19678	8.22126	7.13233	7.99823	6.31932	2.32092	6.02113	6.37897	5.23236	6.7081	7.96895	7.43357	8.64323	8.12762	7.56844	9.60756	7.95708	9.18813	9.21178	10.77151	8.56686	8.94328	9.15279	8.76065	8.00538	9.26865	8.38345	7.0773	7.20573	6.69158	5.4192	1.79587	3.23805	6.70561	6.78128
step2_200_2000_5.0_86498.xyz_1	10.85148	10.2205	6.7435	6.62233	6.48079	6.21744	6.41192	6.98101	6.98988	7.61717	5.27158	6.85535	6.53192	6.82995	7.71001	11.95576	6.15905		6.26346	7.2417	10.23944	9.92125	5.95571	6.9975	6.81511	9.91238	7.68997	2.02694	6.76321	4.6732	5.33781	7.10604	6.91009	6.47843	5.19781	7.1579	6.78726	3.0221	7.70244	9.0126	9.68588	9.29052	7.81197	10.58605	10.19941	5.57761	11.07014	6.43228	6.45931	5.55426	6.94813	9.14525	7.47572	6.26267	7.38715	2.4267	3.76495	2.21142	2.89895	1.88472	4.35344	3.70576	6.93344	10.50148	2.0531	11.93037	7.12486	11.90909	5.33856	8.64513	7.41207	2.99509	5.97853	11.465	1.66585	6.87844	6.33829	7.99911	2.57206		11.08946	7.0897	10.04206			6.36676	8.90755	9.00971	8.24903	11.03522	10.08006	7.53932	7.1197	5.75099	10.96874	10.04066	8.59907		10.19412			9.401	6.4201	10.91923	7.1052	1.20809	4.71576	5.41053	4.27232	4.26094	8.14873	3.87604	6.6148	9.90765	6.75216	3.02162	9.18633	7.89654	5.45302	4.95245	7.88416	7.19055	6.86131	5.54193	8.15886	3.47258	3.48772	4.69255	4.28804	4.35931	7.41409	3.23474	5.83729	1.63135	3.70696	4.23668	2.41643	1.19938	8.37822	7.23269	8.41409	8.9364	7.15017	4.59864	5.62301	7.3585	7.88685	7.12982	6.70501	6.07174	5.50662	7.15962	5.63308	5.92759	7.18364	6.40795	1.88605	8.14445	8.09086	6.25667	6.76133	2.06298	6.94019	3.27471	2.14737	1.4829	4.09792	6.55727	7.21222	6.33791	7.73537	6.56805	2.01975	6.00745	2.9356	6.49288	6.28235	7.28387	8.26642	8.16165	6.71435	6.31822	2.79554		6.07141	5.32623	5.41763	6.99963	5.73682	7.40653	7.07569	6.67167	7.00168	1.95252	4.85251	6.50543	5.98885	7.39985	7.82962	8.65606	8.20961	7.49451	6.3519	7.8658	6.02268	10.71259	9.16438	10.28505	8.23219	8.76788	8.1144	8.89605	6.41371	8.77929	8.23035	7.07602	6.90454	5.84528	5.34993	2.13546	1.76471	6.7275	6.86305
complex_2	11.04218		6.67476	6.55043	6.411	6.34246	6.03377	1.59368	6.38501	6.74731	5.69312	6.01469	6.23278	6.83404	6.63501	11.97302	8.56626		6.99554	5.87353	11.30756	10.03647	6.57636	6.7362	0.60268	9.42241	2.21665	7.71288	6.57158	6.51634	6.36845	6.4074	5.62045	6.54	2.9343	6.15179	5.3456	3.56333	7.93	6.47942	12.17015	12.46018	9.14949	13.09083	10.39683	6.98772	10.37559	7.31188	5.95572	7.16576	7.32812	6.39506	4.13574	7.2866	3.94969	9.02541	9.09166	3.36271	2.11245	2.32743	2.39483	3.99227	8.41161	10.80193	3.2546	8.77821	6.48367	10.8476	5.36985	6.3917	1.63221	2.10589	6.70765	11.95728	2.77932	5.18516	6.27079	7.28623	6.91503		12.03335	4.61158	11.48312			3.12778	9.85252	9.7993	9.99432	10.68145	10.29342	6.19173	7.17967	5.6048	11.45086	11.87437	8.05526					10.1119	7.15047	8.86445	5.62948	5.84602	5.51443	3.65744	5.63891	7.03697	1.51673	0.45626	4.29558	9.01976	5.88353	5.32001		6.27657	5.11583	5.00269	7.87315	7.3263	7.23775	6.24489	5.79929	0.78647	7.34493	6.85203	3.24336	3.08265	3.04492	7.3528	6.7796	5.64387	6.95977	6.87914	7.28796	7.55628	8.96438	8.14446	8.79272	11.07369	7.86848	6.03781	6.47863	9.01186	6.50651	1.02475	7.30767	4.94414	5.72564	7.02564	7.05474	7.14289	0.8852	5.62513	0.69739	8.11275	1.5335	9.56588	6.92263		0.21065		3.02422	2.29456	3.19799	6.52714	7.55432	1.80501	2.52979	6.97988	5.96662	6.06976	7.27999	6.8339	5.86806	8.49271	6.52833	7.53838	6.88055	7.79829	1.61502		5.93653	6.24437	7.15936	6.25735	6.98856	7.86589	6.9019	5.91912	7.63259	4.63187	3.43231	5.42135	4.43597	3.24457	6.03454	6.24647	6.89723	7.1974	7.19868	9.05359	7.65752	9.97997	10.29984	10.5805	10.14893	7.09711	7.58333	8.85607	7.18129	11.54338	11.05432	6.1717	6.7534	5.86131	4.79563	6.58817	7.58947	6.4733	6.4869
step1_200.xyz_2	10.93165		6.64224	6.50747	6.43052	6.39461	6.0214	1.5554	6.36286	6.73578	5.69815	6.03584	6.28114	6.80926	6.62676	11.91636	8.4513		6.97252	5.94517	11.30952	10.03717	6.50944	6.58024	0.69142	9.43862	2.29579	7.68825	6.58694	6.47393	6.46836	6.38605	5.64502	6.51135	2.85057	6.12299	5.32127	3.36306	7.99082	6.45934	12.07588	12.23508	9.13358	13.02296	10.47573	7.02672	10.3044	7.23502	6.01868	7.12659	7.24474	6.3346	4.23015	7.40273	4.09797	9.10848	9.07951	3.31464	2.10551	2.26426	2.27697	3.98729	8.32925	10.77636	3.26471	8.90665	6.46452	10.82343	5.34054	6.48922	1.62555	2.03616	6.65319	12.10108	2.80616	5.06872	6.22947	7.39201	6.90266		12.1447	4.69234	11.54465			3.06545	9.83654	9.56361	9.87215	10.73493	10.43322	6.0945	7.18961	5.67917	11.45207	11.9767	7.85725					9.95974	7.1327	8.79419	5.59174	5.90197	5.41773	3.7427	5.50691	7.08977	1.52262	0.54505	4.32535	8.8849	5.84058	5.3701		6.20878	5.02554	5.0149	7.83535	7.26904	7.37367	6.24831	5.79503	0.97127	7.36302	6.8347	3.23352	3.04535	3.01167	7.34583	6.80323	5.68455	7.01223	6.87292	7.35792	7.55134	8.97308	8.17498	8.6749	10.96306	7.91295	6.14582	6.45357	8.89346	6.57415	0.88441	7.20041	5.06128	5.84595	6.9988	7.01551	7.17942	0.79914	5.69725	0.74127	8.18518	1.54791	9.62691	7.04341		0.31531		3.1665	2.23864	3.1615	6.60946	7.54548	1.82049	2.58185	7.03925	5.99068	6.22979	7.28463	6.85569	5.81637	8.46962	6.53085	7.44772	6.81021	7.76518	1.53586		5.98005	6.22952	7.12126	6.22574	7.01353	7.82063	6.92776	5.9305	7.63905	4.54828	3.46187	5.36927	4.40944	3.32068	6.02839	6.27126	6.99016	7.30203	7.30174	9.27457	7.78098	9.85764	10.28993	10.54266	10.20802	7.09635	7.50801	8.91178	7.36015	11.48299	11.10451	6.12894	6.70744	5.87703	4.86283	6.57542	7.59515	6.46942	6.47084
step2_200_2000_5.0_16930.xyz_2	11.4402		6.70841	6.05134	6.79176	6.49524	6.3147	1.65285	7.4956	6.87528	6.47203	6.13039	6.65136	6.50834	6.62546	11.94806	7.71938		7.52108	19.71711	10.07022	10.23553	7.1998	5.76139	1.57687	9.26434	1.15089	8.30038	7.25168	6.54691	5.78742	5.98812	5.58517	6.53941	2.78876	5.84342	5.08619	3.09648	8.58881	6.97826	11.86499	10.72725	8.41037	12.31545	10.06971	7.87806	10.98663	7.78359	5.84446	7.11996	6.90584	5.47931	5.29179	7.09015	3.6704	8.53551	9.49617	4.98459	3.31143	2.08965	1.21774	6.18255	7.62136	11.24973	3.68005	7.27572	6.58955	11.89166	4.13771	7.32602	2.65953	2.39048	7.46551	11.36909	4.80279	4.16657	6.2308	9.99501	6.65815		11.38791	6.16056	11.19411			5.19236	8.92518	7.39079	9.84578	10.51256	10.40765	6.21806	7.59491	6.08324	11.59715	12.3982	5.30843					8.65035	5.01256	7.52912	4.18914	6.02555	5.82724	4.40908	5.51765	6.72862	1.91402	2.08807	5.0219	7.04836	5.68589	5.124		5.21791	3.87747	4.94414	8.56999	7.06149	7.87142	5.98681	5.68409	2.43788	8.1091	6.27966	3.16399	3.06439	3.07166	7.18881	7.49336	5.49717	7.31171	5.99557	7.65333	7.49885	7.26248	8.31115	7.57059	11.44481	8.21978	6.52886	8.31572	7.46783	5.72801	1.47306	9.77189	5.70567	6.89983	7.72223	7.6423	5.6694	1.31507	5.45885	1.56701	8.59841	2.19538	9.73842	8.1159		3.54451		3.8908	2.69642	3.38354	6.91163	6.8256	2.54646	3.18311	7.27336	6.20197	6.87616	7.89595	7.00129	5.26822	8.00759	6.01321	8.08655	7.17848	9.94545	1.96481		6.15518	5.96318	7.39966	6.52806	7.01691	7.25172	7.40152	5.8781	7.87439	4.33171	4.7257	6.15145	4.28868	2.89395	4.79548	6.29001	6.79823	8.1131	8.55466	8.54708	8.22563	9.11332	8.58204	10.23455	11.01178	7.25223	6.80699	9.50493	8.09217	12.61379	11.19295	6.70552	14.5293	6.14581	6.55378	6.83623	7.43221	6.91564	7.10785
step2_200_2000_5.0_2177.xyz_2	10.95929		7.00913	6.70431	7.27854	6.72914	6.62188	2.03981	7.39931	6.60189	5.03596	6.39513	6.04959	6.74444	6.22334	11.76414	7.92684		6.25579	5.85226	10.96558	11.62491	6.47556	5.40177	1.93218	10.16153	2.7973	8.20086	6.59393	6.22452	6.62792	6.49784	6.13953	6.10506	2.95861	5.98004	5.87434	2.44644	7.14333	6.69888	11.56577	11.98493	9.02274	14.10116	10.68803	7.03803	11.08217	6.50684	6.20233	7.62165	7.8087	5.82751	4.16452	7.83954	3.76929	9.1562	8.59104	4.01657	2.33042	3.87705	2.88009	3.77358	7.37975	10.53597	4.03601	9.53493	6.4276	10.61807	5.99603	7.22311	1.86184	2.04947	6.65536	12.25063	2.7844	4.20927	5.59144	7.42128	7.32032		12.23616	4.49503	11.03582			3.3336	9.71892	9.17605	11.96323	11.02743	11.10178	7.0141	7.20512	6.23127	12.23159	10.41264	6.92917					9.9705	6.96685	10.66833	7.43219	5.33895	5.2537	4.42084	4.18311	7.0772	2.0672	0.84679	6.13853	9.21322	5.32307	6.43214		6.76622	5.52991	5.43847	7.60224	8.066	7.39433	6.30486	6.20654	1.48638	7.4172	7.25673	3.32014	3.02602	3.35975	7.54893	6.45966	6.13174	7.6922	7.10253	11.13295	7.53234	7.36468	8.12138	7.65802	11.34727	8.239	6.80831	6.40276	7.86489	6.21586	1.041	7.01794	5.24388	6.47296	7.43587	6.73676	7.29459	1.0214	6.1419	1.37226	7.4689	3.28337	10.3293	6.55777		1.96985		2.95959	2.2116	3.79094	6.66456	6.81396	2.22388	3.01834	7.41111	6.66009	7.46448	7.30669	6.822	6.51054	7.74283	5.76679	8.06797	6.76863	7.98573	1.81044		5.08359	6.33442	6.1023	7.18159	6.64766	7.83149	7.29789	6.09317	7.31629	4.4828	5.55148	4.93241	5.37514	4.11648	5.67917	5.44289	7.4026	7.80043	7.48071	10.44296	7.98166	11.26954	10.0762	10.55366	11.11727	7.20128	7.78687	9.26623	8.39972	11.35955	11.34047	6.71494	7.03151	6.34672	5.1944	6.8745	7.64407	6.82591	6.37644
step2_200_2000_5.0_27766.xyz_2	10.07889		6.89686	6.71047	6.72941	6.29398	5.81475	1.71	6.38686	7.34454	5.56038	5.69265	6.138	6.73817	19.92009	13.38685	8.07854		7.17992	5.25785	15.18876	9.03688	7.44953	6.72611	3.52656	7.94171	2.19695	7.9582	6.98717	6.24923	6.44228	7.43894	5.46773	6.7577	3.30264	10.7224	6.46477	2.8548	7.22479	6.3761	12.53428	15.49947	8.80729	12.29274	9.72083	6.89924	10.03586	6.93265	6.15674	7.39793	7.73596	6.57702	4.12078	7.30735	4.42739	8.88538	8.91346	3.05909	2.73818	3.99865	2.15598	2.76093	9.2682	10.4662	16.65611	8.54994	6.55707	10.06906	5.7027	6.78635	2.05005	2.10609	7.16305	12.02324	4.06843	4.65923	6.06905	11.28609	7.55974		11.84779	4.59743	11.23178			4.20031	8.76721	10.76	8.39054	10.03076	10.35597	6.07374	7.39645	7.46348	10.31275	11.2738	6.87306					9.29565	8.57778	7.80992	6.30858	5.47619	6.3868	3.90491	5.9957	7.6398	1.68313	1.44904	4.56926	7.32932	5.57003	7.21724		5.84229	4.80661	5.51219	7.2519	7.49268	7.40227	5.98167	5.08984	1.40583	7.43121	6.83549	3.3835	13.42256	4.08126	7.25187	6.87382	5.69132	7.1557	7.26832	14.23589	7.65807	7.90292	7.85235	9.99601	9.75767	8.19036	6.56361	6.28478	8.34276	7.41275	1.13652	7.19262	6.01588	6.63207	7.25105	7.36276	8.41864	2.59292	7.07528	1.88391	7.91748	3.22773	7.68713	7.06278		4.26727		4.66647	2.99135	16.62939	6.61215	8.35606	13.87608	4.50939	7.64865	14.45297	6.83183	7.53537	6.91997	4.29647	8.47246	5.97479	8.13553	8.12983	7.3501	2.25186		9.20721	5.9904	7.29624	6.30563	6.44711	19.49848	7.01815	5.77497	7.43676	4.69218	3.4036	6.05373	2.26976	3.75276	4.6968	6.04793	6.88972	7.69015	7.4847	8.39948	8.35464	8.90486	9.46263	9.84923	12.29692	6.26461	7.73955	8.0935	8.60401	12.34137	12.00685	6.14562	7.93212	6.74546	4.46829	6.39956	7.67031	6.68629	6.62422
step2_200_2000_5.0_28005.xyz_2	10.3192		6.66212	6.11526	6.816	6.42031	6.06305	1.9561	6.65304	6.93011	5.51408	7.50857	6.17142	6.82714	6.79362	11.88152	7.98031		7.49874	6.65663	12.65902	10.86574	6.55865	5.12407	1.56377	8.65351	2.46098	8.38361	6.74005	6.15839	6.58269	5.6087	6.12448	13.36622	3.9752	5.15079	4.68475	2.46496	8.53822	6.44733	15.91816	11.83187	8.73121	12.61649	10.39041	6.82465	10.40092	6.99233	5.87035	6.41998	6.99834	6.49759	5.2918	8.00015	5.27806	8.9903	9.05637	3.88498	4.89337	3.877	3.34972	2.96611	7.29001	11.12565	3.58988	8.80112	6.41618	10.56817	5.52291	7.64405	1.60626	2.16711	6.28425	11.41757	3.8806	4.63942	5.82484	7.83718	6.41707		12.57991	5.35733	10.88144			4.29268	7.96441	9.47733	10.19594	11.07935	10.02024	6.10705	7.62966	5.84725	11.35483	11.55	7.66063					10.48439	6.65884	7.93947	5.20749	6.16987	5.41306	3.69428	4.27503	7.24174	2.21849	1.85644	3.51303	8.25953	4.95488	6.4477		5.08436	5.32869	5.08598	8.20542	6.93433	7.83923	6.54661	5.64742	2.46978	7.43111	7.52434	3.22628	3.09456	3.16952	7.59325	7.15075	6.06011	7.20857	7.00384	7.72674	7.39522	10.04299	9.24779	8.74885	13.33278	7.8777	6.3093	6.14944	7.15854	5.97937	2.07388	7.12431	5.82508	5.79261	6.45245	6.38579	7.22826	1.97651	6.06667	1.73256	16.17354	2.85042	10.12368	6.82519		1.42605		2.67458	2.58401	3.40699	6.30592	6.75298	3.43767	2.6477	6.90464	7.14444	6.91543	7.224	6.89089	6.49572	8.34216	5.89177	7.3174	6.2188	7.36018	1.53825		4.9581	5.84846	6.75724	5.7658	6.80272	7.89033	6.97458	6.15405	7.38147	4.70435	2.66485	5.16852	4.33394	4.41523	6.45176	4.79981	6.33713	7.7305	6.64309	9.3866	6.55308	9.87611	9.97383	10.38768	10.29938	5.75527	8.55074	8.21714	7.5066	11.23298	11.47851	6.55306	6.68243	5.90057	4.91554	6.85338	7.55785	6.63295	6.63449
step2_200_2000_5.0_4094.xyz_2	10.17549		7.10658	6.55223	6.44065	6.26848	6.07883	1.99372	6.37819	6.85841	6.917	6.78234	6.63722	6.61296	6.53636	11.89525	8.76886		7.9783	5.74785	10.63036	16.43056	6.25594	5.60053	2.28573	9.33268	2.74501	7.9753	7.36226	5.73752	7.39027	6.84182	6.18518	6.56055	3.59318	5.11274	1.4485	3.36732	9.57475	6.79432	11.4855	11.1786	8.2818	12.77495	9.8124	6.8525	10.29585	6.79259	5.31382	6.45775	6.67414	6.10071	3.86289	8.73589	4.26277	8.82064	9.00352	3.94637	2.653	2.24516	2.7081	4.34594	7.66086	10.43757	3.68352	7.93013	6.1202	10.79783	6.15283	6.11292	2.16618	2.63819	6.39595	12.01932	2.89405	4.75739	6.53031	7.18043	7.02859		12.03367	6.58996	10.86687			6.05197	8.7652	8.85668	8.2776	9.49847	9.98885	5.34001	7.14955	6.23877	11.56926	13.03694	7.78977					9.15507	6.56564	7.99113	4.06994	6.13729	5.91307	4.37574	5.0233	6.8267	2.05664	2.12523	4.04	9.55731	5.17111	7.47845		6.43527	5.47547	4.22829	6.16768	6.67876	7.17607	6.35434	6.25083	1.22912	7.37935	6.98934	3.34292	2.97265	4.02935	7.25523	7.55332	6.11939	7.2489	7.20223	8.10587	7.3221	7.67968	8.56273	7.85422	11.61534	8.31456	6.75325	6.20206	6.90179	6.45012	2.39335	8.52616	5.58399	6.32821	7.55801	6.11172	6.3179	1.86123	6.61205	1.55208	7.86586	3.18043	9.61619	7.32622		2.37705		2.0146	2.41041	3.7088	7.35949	8.5911	4.7397	2.77683	6.84159	5.52413	6.31293	7.26344	7.32184	6.54097	8.68452	16.86482	8.07785	6.80585	8.36396	1.63205		6.0222	5.48764	6.56025	6.09388	7.09371	7.59868	7.05413	5.95531	7.1981	4.26939	4.11251	13.19374	4.02252	4.44115	5.58765	5.08705	6.93264	8.30995	7.56947	10.00588	7.8665	10.44617	9.28176	9.17026	9.49753	6.378	7.99682	8.72209	8.40135	10.15147	11.17078	4.06231	7.06505	6.22331	5.34559	6.73364	7.3569	6.37553	6.55094
step2_200_2000_5.0_47873.xyz_2	11.41568		6.95734	6.321	6.69753	6.55381	6.38975	1.43417	11.86576	6.51755	4.22901	6.50153	7.14703	6.87538	6.6286	12.27772	8.50455		7.35842	5.89353	10.85036	10.43359	6.72373	5.98519	1.34929	10.19636	3.49375	8.88617	7.78625	6.55965	6.30256	6.82041	6.84789	6.63475	4.76592	7.04853	5.92088	4.62808	6.96429	6.51612	12.30763	12.78055	9.0663	13.26978	10.22795	6.54543	10.84546	7.32733	7.0691	7.35564	7.5447	6.48257	5.15587	8.6127	7.07903	8.53196	8.76138	5.31955	4.75645	4.03184	2.05843	3.36814	7.91039	9.58295	3.40611	9.90278	6.35078	11.19474	4.08982	7.44343	2.09463	1.95586	6.98444	12.41981	3.0267	4.18466	6.4423	8.56846	7.28072		12.39519	5.34337	11.30606			2.72744	8.98063	9.03768	9.51941	11.35417	10.40061	7.9848	7.35557	6.32905	11.1474	11.71416	8.15512					8.08305	7.11287	8.22279	6.38303	5.93979	5.40023	3.52034	5.39007	7.17348	2.03714	1.18783	4.39586	9.92484	5.66783	5.41562		6.43361	4.15525	5.58907	6.66041	7.70799	7.04808	6.11581	5.00192	1.68055	7.3223	6.61819	3.2299	3.38846	4.02689	7.18759	7.28841	6.08854	7.14226	6.94655	7.48867	7.64886	7.57056	8.93595	8.67	10.43148	8.02217	7.01585	6.58839	7.60451	6.31239	2.56565	7.09936	4.89555	6.25167	6.95801	7.29171	8.22654	2.06525	5.99189	2.38567	8.13501	1.35158	9.45786	7.37758		0.90778		4.35309	3.14564	3.11884	6.6663	8.02577	1.83783	3.55759	7.14386	5.72593	7.45518	7.31051	7.48479	6.14416	8.48963	6.5544	7.83577	8.2355	7.41067	1.74541		6.81589	6.15511	6.96078	5.6802	6.60508	7.59754	7.29197	6.07712	8.73892	4.59351	4.27714	5.99407	4.78263	4.06278	5.47562	6.43578	5.92485	14.64051	7.22398	8.81882	8.98582	9.485	11.86235	10.7967	11.28564	7.15964	7.93889	9.10546	8.58615	11.63891	12.08911	4.23498	7.81646	6.14933	5.51924	6.82831	7.87237	6.54908	6.76705
step2_200_2000_5.0_77285.xyz_2	10.22956		6.63974	6.39969	7.68107	6.47746	5.25023	1.76135	6.67471	6.85009	5.2138	5.57369	6.57713	7.16786	7.44859	11.19249	6.93625		6.95161	5.82403	11.25081	9.63746	5.85647	4.6182	2.13599	9.94221	2.20412	7.28729	6.73842	7.08602	6.89386	6.90229	5.80372	6.67842	3.14795	5.74207	5.82194	2.62468	7.43204	6.89051	10.82156	12.361	8.20844	12.95329	9.71459	6.24234	9.21095	7.81567	5.99226	6.2067	7.44655	6.43659	4.48001	7.40023	4.14709	8.9653	9.19252	3.52234	2.31987	3.29715	2.72604	6.17064	9.33468	9.24668	3.50725	8.1294	6.44937	9.09016	4.48983	8.13652	2.05565	2.69115	7.21164	9.86197	4.24569	4.96687	6.45367	7.85228	5.64974		12.28172	4.96313	11.05314			2.74211	8.86037	7.96798	8.69127	9.60851	9.42327	6.44559	7.61827	6.25631	12.10436	9.02349	7.73924					8.72721	8.08122	7.96289	6.23061	7.21195	5.69586	3.75217	3.79339	6.89576	3.14202	1.26335	4.56308	8.15507	6.02235	5.58685		5.13681	4.13687	5.64273	8.37094	11.95302	6.95703	6.07696	6.26856	3.64654	7.183	5.96726	3.21936	3.06728	3.03168	7.33179	7.45138	6.07646	7.46672	6.09673	7.26598	8.16992	6.65471	6.58805	7.53739	8.78708	8.19004	6.29364	6.54949	9.66996	6.52714	1.87034	8.56362	5.60702	6.33041	7.68641	8.30195	6.91632	2.00985	5.9834	1.959	8.35683	2.113	9.87202	7.10698		3.11132		3.65441	2.49785	3.27475	6.73444	6.94035	2.5841	2.51996	6.41831	5.91864	6.65922	8.06286	6.79104	5.21028	19.38047	7.41164	7.42302	7.46002	7.30861	1.22138		5.54939	6.70685	6.75938	6.61588	6.78279	7.2868	6.97462	5.92689	6.2113	4.29397	3.35516	5.84233	4.50909	4.08692	4.94062	5.38424	7.32513	6.73295	6.60741	8.04806	6.30161	9.27627	9.95659	9.93887	9.62564	6.05074	8.17979	8.39775	7.72121	10.12114	10.25905	7.34568	7.10948	5.98579	6.10441	6.36016	7.79618	7.18973	7.2015
step2_200_2000_5.0_85412.xyz_2	11.19838		6.64549	6.12805	6.75804	6.45961	6.24466	1.66287	6.77847	15.26673	5.45332	5.8583	6.22318	6.93498	6.49537	11.72671	8.32143		6.96089	6.90136	11.32262	12.39118	6.58789	6.55226	11.55512	9.77871	3.24067	8.24872	6.48948	6.14096	5.91894	6.95884	6.537	6.09776	3.0849	5.12393	4.50308	2.27909	8.37122	6.59373	11.72534	11.35127	8.25943	12.98949	9.67022	7.87074	9.79964	7.29603	5.63236	7.09097	7.13135	6.02227	3.6691	7.29026	4.78695	9.14429	9.39404	4.06189	3.40618	2.20664	11.86822	3.27012	7.18715	12.38874	4.59459	8.48847	6.34989	9.16134	11.28673	7.04805	2.70805	2.52086	6.83413	10.85424	3.16709	4.74362	5.79638	7.47188	6.84106		12.35436	4.8139	10.97569			3.37586	8.54164	6.55273	8.56283	10.70596	11.52896	7.1325	6.92	5.585	12.39599	10.35433	6.9984					9.47499	6.67021	8.73403	5.97617	5.9576	5.20402	3.76316	5.33684	7.24849	11.50638	2.94422	3.10029	7.40819	5.79007	5.52581		6.1505	4.73719	5.7022	18.75685	6.77358	16.94821	6.19712	5.54623	2.68154	7.37351	6.96413	3.28373	3.21836	3.58633	7.2571	6.93746	5.75235	6.97335	6.74439	7.51609	7.34727	7.90885	8.17229	9.35126	8.71663	7.87323	6.10026	6.17896	6.98443	7.15257	1.41942	7.21281	5.15172	5.95994	7.27905	7.13789	7.40448	1.82415	6.13677	1.53182	8.10194	2.08342	9.89081	11.86321		1.68475		3.85257	2.25119	3.29777	6.68461	5.33337	1.57931	3.58483	6.86604	5.89444	7.23512	7.21699	6.95104	4.21008	7.74737	5.52391	7.1947	6.64273	8.32452	1.26279		6.80297	6.06216	6.65382	4.92178	7.23667	10.23746	7.09562	5.88676	7.10535	12.80094	4.94205	5.22381	5.30934	5.20186	5.83862	4.93732	7.4751	7.08377	6.52966	8.63489	10.17261	8.69077	10.36492	9.2497	10.66331	6.89391	7.38808	7.50576	8.55829	10.54843	10.73831	6.61064	7.26399	6.34272	5.43552	6.55656	7.55884	6.67828	6.61446
step2_200_2000_5.0_86398.xyz_2	10.82262		6.72112	7.0967	6.25043	6.39825	6.6343	1.29005	6.63846	6.66974	7.57612	6.56958	6.31787	6.50872	6.56092	11.19436	8.03994		7.1949	7.46377	11.4891	10.56903	5.8164	6.48427	2.84814	9.85573	2.14974	7.85954	7.17776	6.43921	6.87488	7.2086	7.11086	6.65548	2.39683	6.97027	7.00817	2.73367	7.80648	6.88973	11.43246	11.71276	8.66948	12.78527	9.96	7.07938	10.8112	6.11401	5.72824	6.99129	7.55231	6.97257	3.98911	7.8061	4.73237	9.11963	8.62093	3.15498	4.08278	3.39869	11.54049	6.18994	7.30554	10.6075	3.35084	8.97043	6.36835	10.47499	5.15071	6.22517	2.71506	2.34507	6.01805	11.49682	3.8324	3.81711	6.78561	7.56995	7.0015		11.6069	4.94186	10.98261			3.27935	8.65267	9.07508	8.44832	10.75769	11.2632	7.89033	7.55526	6.33799	11.70437	14.08834	5.59491					9.12258	6.64014	6.7218	6.38138	5.88505	3.77981	3.25789	2.39094	7.02439	3.45279	2.58505	3.46344	10.09022	5.6261	5.76399		6.80405	5.49317	5.12345	8.25299	6.71061	6.99863	5.59211	5.39478	3.04368	7.36323	6.49119	3.14238	3.32005	3.29282	7.48015	7.36051	6.06825	7.16219	7.00668	7.75704	7.49371	7.11008	10.41276	8.9741	9.44756	8.14937	7.27782	6.03084	6.33153	6.50258	1.61354	6.89048	5.86339	6.66881	6.68785	5.54552	8.1483	1.40207	5.59866	1.50018	15.10518	2.41065	9.74194	7.04026		2.32197		2.94232	2.49529	2.91037	6.77554	6.79921	2.60259	3.69243	7.17355	5.94354	6.99452	7.34765	7.03162	5.63375	8.38113	6.5666	6.82014	6.75952	6.91315	1.37689		5.8779	5.9637	6.67277	6.10033	6.59307	8.68549	6.8176	5.76673	8.3878	4.97504	4.86179	5.97173	5.60284	3.68295	4.49388	6.07545	7.07678	8.10336	6.60048	9.39643	6.15732	9.72358	10.53177	11.08851	11.60276	8.19061	7.83298	9.96137	8.38226	11.4329	11.94895	4.03645	7.97907	6.28228	5.39116	7.03373	7.58377	6.37162	6.37756
step2_200_2000_5.0_86498.xyz_2	10.57747		6.76691	7.26176	7.64688	6.38789	6.69069	3.33134	6.88888	7.41722	5.82862	6.46048	6.00508	6.80314	6.57601	11.32727	7.52335		7.00046	7.00511	11.07721	9.87168	7.14772	7.1927	1.87482	9.86407	2.53089	7.83192	6.68915	5.00025	6.37147	7.08187	7.20908	6.84444	2.85301	6.57894	4.93467	3.39695	8.58909	5.98901	11.51935	12.24734	9.13667	12.12827	9.92561	7.29185	10.29206	7.18825	6.33615	9.12725	6.9629	6.1022	4.18544	7.98856	3.76874	9.12028	7.84154	2.4388	2.62064	2.68599	1.66026	4.2072	8.33422	10.0494	3.64709	9.24119	6.51661	11.28554	5.83236	6.79987	2.34447	2.58011	6.16104	11.02553	2.63873	4.79275	6.67709	7.16435	6.92818		11.39874	5.09913	11.47848			1.72361	8.49501	10.65166	8.36178	10.76561	9.60846	6.80145	8.00531	5.19713	10.88369	11.43858	7.2764					9.1839	11.30124	8.62094	4.42549	5.97916	6.63883	3.87263	5.04681	6.89625	3.09819	0.96603	3.67504	8.67984	5.52342	4.98042		5.94116	4.74693	4.96643	8.31866	7.09618	6.96045	6.01575	6.51327	1.29726	7.23627	7.2781	3.14776	3.28012	3.30022	7.30963	7.10332	5.03592	7.08729	7.07566	7.15942	7.38961	8.65841	7.69719	8.00376	10.79277	7.92784	6.59031	6.696	9.28071	7.22027	1.84494	7.30057	5.47601	6.27076	6.84909	8.09607	8.24189	1.97848	5.9148	1.24306	8.09251	2.46324	9.95112	8.37062		1.19871		2.89585	2.48168	3.23622	6.78025	7.91054	2.42439	2.6734	6.9129	7.68313	6.41151	7.28899	7.01184	5.80319	8.27277	5.67437	7.70388	6.43367	8.06781	2.51171		5.52763	6.32499	6.03157	6.66425	7.09729	7.14337	7.72186	6.24516	8.29224	5.12095	3.06825	4.89638	4.67347	4.02745	5.64682	5.96607	6.86613	6.87357	6.6621	8.91955	6.20249	9.45253	8.94881	9.26173	11.64238	6.05309	7.0527	8.01881	6.46688	11.62962	10.67328	7.47719	6.68391	6.76225	5.68909	7.01884	7.1487	6.79817	6.72884
