	1aq1_STU_LIG	1b38_ATP_LIG	1b39_ATP_LIG	1ckp_PVB_LIG	1di8_DTQ_LIG	1dm2_HMD_LIG	1e1v_CMG_LIG	1e1x_NW1_LIG	1e9h_INR_LIG	1fin_ATP_LIG	1fq1_ATP_LIG	1fvt_106_LIG	1fvv_107_LIG	1gih_1PU_LIG	1gii_1PU_LIG	1gij_2PU_LIG	1gy3_ATP_LIG	1gz8_MBP_LIG	1h00_FAP_LIG	1h07_MFP_LIG	1h0v_UN4_LIG	1h0w_207_LIG	1h1p_CMG_LIG	1h1q_2A6_LIG	1h1r_6CP_LIG	1h1s_4SP_LIG	1h24_TPO_LIG	1h25_TPO_LIG	1h26_TPO_LIG	1h27_TPO_LIG	1h28_TPO_LIG	1hck_ATP_LIG	1jst_ATP_LIG	1jsv_U55_LIG	1ke5_LS1_LIG	1ke6_LS2_LIG	1ke7_LS3_LIG	1ke8_LS4_LIG	1ke9_LS5_LIG	1oi9_N20_LIG	1oiu_N76_LIG	1oiy_N41_LIG	1p2a_5BN_LIG	1p5e_TBS_LIG	1pf8_SU9_LIG	1pkd_UCN_LIG	1pxi_CK1_LIG	1pxj_CK2_LIG	1pxo_CK7_LIG	1pye_PM1_LIG	1qmz_ATP_LIG	1r78_FMD_LIG	1v1k_3FP_LIG	1vyw_292_LIG	1vyz_N5B_LIG	1w0x_OLO_LIG	1w8c_N69_LIG	1w98_TPO_LIG	1wcc_CIG_LIG	1y8y_CT7_LIG	1y91_CT9_LIG	1ykr_628_LIG	2b52_D42_LIG	2b53_D23_LIG	2b54_D05_LIG	2b55_D31_LIG	2bhe_BRY_LIG	2bhh_RYU_LIG	2bkz_SBC_LIG	2bpm_529_LIG	2btr_U73_LIG	2bts_U32_LIG	2c4g_514_LIG	2c5o_CK2_LIG	2c68_CT6_LIG	2c69_CT8_LIG	2c6i_DT1_LIG	2c6k_DT2_LIG	2c6l_DT4_LIG	2c6m_DT5_LIG	2c6t_DT5_LIG	2cch_ATP_LIG	2cci_ATP_LIG	2cjm_ATP_LIG	2clx_F18_LIG	2ds1_1CD_LIG	2duv_371_LIG	2exm_ZIP_LIG	2i40_BLZ_LIG	2iw6_QQ2_LIG	2iw8_4SP_LIG	2iw9_4SP_LIG	2jgz_TPO_LIG	2r3f_SC8_LIG	2r3g_SC9_LIG	2r3h_SCE_LIG	2r3i_SCF_LIG	2r3j_SCJ_LIG	2r3k_SCQ_LIG	2r3l_SCW_LIG	2r3m_SCX_LIG	2r3n_SCZ_LIG	2r3o_2SC_LIG	2r3p_3SC_LIG	2r3q_5SC_LIG	2r3r_6SC_LIG	2r64_740_LIG	2uzb_C75_LIG	2uzd_C85_LIG	2uze_C95_LIG	2uzl_C94_LIG	2uzn_C96_LIG	2uzo_C62_LIG	2v0d_C53_LIG	2vta_LZ1_LIG	2vth_LZ2_LIG	2vti_LZ3_LIG	2vtj_LZ4_LIG	2vtl_LZ5_LIG	2vtm_LZM_LIG	2vtn_LZ7_LIG	2vto_LZ8_LIG	2vtp_LZ9_LIG	2vtq_LZA_LIG	2vtr_LZB_LIG	2vts_LZC_LIG	2vtt_LZD_LIG	2vu3_LZE_LIG	2w1h_L0F_LIG	2wma_TPO_LIG	2wmb_TPO_LIG	2wpa_889_LIG	3bht_MFR_LIG	3bhu_MHR_LIG	3bhv_VAR_LIG	3ezr_EZR_LIG	3ezv_EZV_LIG	3f5x_EZV_LIG	3fz1_B98_LIG	3ig7_EFP_LIG	3igg_EFQ_LIG	3le6_2BZ_LIG	3lfn_A27_LIG	3lfq_A28_LIG	3lfs_A07_LIG	3my5_RFZ_LIG	3ns9_NS9_LIG	3pxf_2AN_LIG	3pxq_2AN_LIG	3pxz_2AN_LIG	3py0_SU9_LIG	3py1_2AN_LIG	3qhr_ADP_LIG	3qhw_ADP_LIG	3ql8_X01_LIG	3qqf_X07_LIG	3qqk_X02_LIG	3qql_X03_LIG	3qrt_X14_LIG	3qru_X19_LIG	3qtq_X35_LIG	3qtr_X36_LIG	3qts_X46_LIG	3qtu_X44_LIG	3qtw_X3A_LIG	3qtx_X43_LIG	3qtz_X42_LIG	3qu0_X40_LIG	3qwj_X6A_LIG	3qwk_X62_LIG	3qx2_X63_LIG	3qx4_X4B_LIG	3qxo_X65_LIG	3qxp_X64_LIG	3qzh_X69_LIG	3qzi_X72_LIG	3r1q_X75_LIG	3r1s_X73_LIG	3r1y_X76_LIG	3r28_XA0_LIG	3r6x_X84_LIG	3r71_X86_LIG	3r73_X87_LIG	3r7e_X88_LIG	3r7i_X9I_LIG	3r7u_X96_LIG	3r7v_Z02_LIG	3r7y_Z04_LIG	3r83_Z14_LIG	3r8l_Z30_LIG	3r8m_Z19_LIG	3r8p_Z46_LIG	3r8u_Z31_LIG	3r8v_Z62_LIG	3r8z_Z63_LIG	3r9d_X6B_LIG	3r9h_Z67_LIG	3r9n_Z68_LIG	3r9o_Z71_LIG	3rah_O1Z_LIG	3rai_X85_LIG	3rak_03Z_LIG	3ral_04Z_LIG	3rjc_06Z_LIG	3rk5_07Z_LIG	3rk7_08Z_LIG	3rk9_09Z_LIG	3rkb_12Z_LIG	3rm6_18Z_LIG	3rm7_19Z_LIG	3rmf_20Z_LIG	3rni_21Z_LIG	3roy_22Z_LIG	3rpo_24Z_LIG	3rpr_25Z_LIG	3rpv_26Z_LIG	3rpy_27Z_LIG	3rzb_02Z_LIG	3s00_Z60_LIG	3s0o_50Z_LIG	3s1h_56Z_LIG	3s2p_PMU_LIG	3sqq_99Z_LIG	3ti1_B49_LIG	3tiy_TIY_LIG	3tiz_3TI_LIG	3tnw_F18_LIG	3uli_1N3_LIG	3wbl_PDY_LIG	4acm_7YG_LIG	4bck_T3E_LIG	4bzd_D6I_LIG	4cfm_4QE_LIG	4cfn_JYM_LIG	4cfu_2WC_LIG	4cfv_75X_LIG	4cfw_SQ9_LIG	4cfx_G6T_LIG	4d1x_ESJ_LIG	4d1z_WG8_LIG	4ek4_1CK_LIG	4ek5_03K_LIG	4eoi_1RO_LIG	4eoj_ATP_LIG	4eok_4SP_LIG	4eol_1RO_LIG	4eom_ATP_LIG	4eon_1RO_LIG	4eoo_ATP_LIG	4eop_1RO_LIG	4eoq_ATP_LIG	4eor_4SP_LIG	4eos_1RO_LIG	4erw_STU_LIG	4ez3_0S0_LIG	4ez7_STU_LIG	4fkg_4CK_LIG	4fki_09K_LIG	4fkj_11K_LIG	4fkl_CK2_LIG	4fkp_LS5_LIG	4fkq_42K_LIG	4fkr_45K_LIG	4fks_46K_LIG	4fkt_48K_LIG	4fku_60K_LIG	4fkv_61K_LIG	4fkw_62K_LIG	4fx3_60K_LIG	4gcj_X64_LIG	4i3z_ADP_LIG	4ii5_ADP_LIG	4kd1_1QK_LIG	4lyn_1YG_LIG	4nj3_2KD_LIG	4rj3_3QS_LIG	5a14_LQ5_LIG	5and_5JE_LIG	5ane_SZL_LIG	5ani_ES4_LIG	5anj_ZXC_LIG	5ank_RJI_LIG	5d1j_56H_LIG	5fp5_1Y6_LIG	5fp6_MFZ_LIG	5jq5_I74_LIG	5jq8_I73_LIG	5l2w_1QK_LIG	5lmk_6ZK_LIG	5oo1_9Z2_LIG	5oo3_9ZB_LIG	5osm_AEQ_LIG	6gub_F9Z_LIG	6gva_FCQ_LIG	6q3b_PYZ_LIG	6q3c_BYZ_LIG	6q3f_HEW_LIG	6q48_HHQ_LIG	6q4a_HGW_LIG	6q4b_HHN_LIG	6q4c_HH8_LIG	6q4d_HHT_LIG	6q4e_HH5_LIG	6q4f_26D_LIG	6q4g_HJK_LIG	6q4h_HGH_LIG	6q4i_HGK_LIG	6q4j_HHB_LIG
complex_1	3.44833	4.05134	5.11698	7.46865	7.3185	0.61764	7.06308	7.84332	6.71343	4.30835	3.06967	6.63267	8.5909	0.89147	5.70632	8.14019	2.90542	6.18471	3.49207	2.59862	6.7486	6.995	7.44025	7.79995	7.50358	3.75968	16.29166	14.72601	16.34213	17.20438	20.47428	3.52935	5.08413	4.43231	4.45522	9.72168	5.62984	5.02358	10.29602	3.82477	4.44734	3.82361	7.2707	3.86949	5.47772	3.35924	4.94667	4.5586	5.20495	1.51292	2.96377	5.16533	8.50056	8.08233	9.19556	7.37975	7.26257	16.66707	5.93455	5.27873	6.53493	9.33059	1.6565	7.2468	7.16793	5.74928	0.85989	1.3509	5.01158	7.84331	8.45046	1.32479	0.93677	2.91168	6.60108	9.56905	4.98039	7.28076	5.25865	5.53004	4.40616	5.96837	3.77945	3.45506	2.50751	0.92327	1.47544	6.5207	0.87375	1.95834	3.70426	3.83291	17.20807	7.20408	6.45007	7.9564	7.18764	8.47765	6.56455	6.69669	8.80359	6.88193	9.0235	7.00584	6.73747	9.78675	8.11797	1.18593	1.84234	8.1598	8.33739	8.01858	8.02379	6.47978	5.05408	2.81845	4.17892	4.82169	5.11534	6.2079	9.48689	9.27518	8.92714	8.70996	3.2807	5.18331	8.30259	6.38278	9.01061	17.05792	17.29589	1.29171	1.78161	1.67434	4.91371	10.16659	0.76136	0.62202	2.14793	9.03765	9.18915	5.63682	1.20398	4.14879	1.2171	4.76353	6.61917	18.99203	3.26827	18.93933	1.18071	19.02308	2.89914	3.83582	7.12038	7.43351	2.86647	7.18863	9.31979	2.42351	2.61479	2.32774	4.16577	8.74469	2.20703	2.89134	6.74355	6.49374	7.80557	7.90512	7.2061	7.39564	5.54094	6.36472	6.53271	7.36218	8.00749	7.98312	7.45041	4.87317	6.24424	6.30314	6.19112	7.65163	9.05114	8.23581	7.64155	6.5212	6.38653	6.07975	7.04049	7.04814	6.68818	7.40579	2.38257	5.09809	10.07014	9.29063	6.73508	4.70207	6.84816	4.63456	4.92931	9.50195	8.31924	8.34966	2.55075	2.25653	6.37247	7.45975	6.92782	10.63579	7.47054	6.49838	9.3291	9.02517	4.61535	6.88599	3.29263	3.11125	4.96316	2.49713	6.68243	7.84171	5.67782	9.81447	6.3058	3.33797	8.05487	3.44081	8.89565	2.77347	9.11654	5.75137	8.2816	5.29013	7.43631	5.09089	7.3791	7.02836	5.33026	8.04653	6.05106	5.18267	3.80373	6.09329	4.6439	5.30703	3.79507	5.96211	3.93721	3.95775	5.42593	3.64282	4.23308	3.66692	7.94186	8.26122	9.62391	4.73932	3.91915	1.93305	9.09808	9.88172	7.4388	25.70486	9.43399	5.56212	9.42649	6.3725	3.0002	3.91608	8.88435	7.0524	9.96168	9.45899	8.55166	6.83977	4.7978	4.9158	6.38367	7.14544	9.0136	2.48726	4.12261	6.67289	6.55464	6.8427	6.585	7.00618	4.03909	3.84649	5.58324	6.29909	11.81095	11.63901	20.07541	7.12151	6.11532	5.62186	3.78736	5.128	5.60887	5.37026	5.0027	6.95249	4.73018	6.42235
step1_200.xyz_1	3.74589	4.01705	5.04116	7.52498	7.20855	0.58577	6.80453	7.8342	6.78297	4.15031	3.12546	6.70156	8.63967	0.7426	5.75897	8.18456	3.00969	6.06012	3.53427	2.55471	6.71966	7.08699	7.44896	7.78085	7.54625	3.64317	16.31686	14.54498	16.48884	17.34689	20.6408	3.43652	5.0546	4.34183	4.39325	9.5037	5.54122	4.94499	10.33112	3.65177	4.28857	3.68589	7.19562	3.79834	5.4327	3.45883	5.07006	4.64431	5.18156	1.48893	3.04977	5.22956	8.41161	8.13117	9.13347	7.49627	7.26869	16.40108	6.03849	5.20384	6.43073	9.40306	1.4812	7.15325	7.08621	5.71798	0.68818	1.24885	5.02371	7.75259	8.35651	1.27194	0.61599	2.95102	6.48483	9.60489	4.80125	7.30459	5.14483	5.31553	4.21402	6.01723	3.68617	3.47387	2.51404	0.91191	1.51563	6.57844	0.91816	1.80905	3.59238	3.71449	16.95812	7.17415	6.40694	7.82749	7.18024	8.52589	6.56638	6.69827	8.77292	6.98896	8.99475	6.96977	6.66589	9.78133	8.1065	0.9399	1.94776	8.23361	8.39074	8.0538	8.10534	6.3968	4.92125	2.79948	4.1961	4.72523	4.95544	6.31259	9.46338	9.29891	8.88464	8.69665	3.10666	5.00823	8.29478	6.28351	8.97122	17.05339	17.20709	1.37405	1.68239	1.62085	4.82754	10.29781	0.89975	0.73304	2.02685	9.08705	9.18763	5.65423	1.36625	4.10377	1.12325	4.86885	6.63353	18.83407	3.1981	18.77084	1.31842	18.9511	2.98929	3.78607	7.12335	7.318	2.92229	7.1492	9.40259	2.47477	2.67774	2.29456	4.20302	8.81284	2.22089	2.93066	6.88756	6.53161	7.75256	7.86153	7.2157	7.35191	5.64949	6.27526	6.46155	7.31493	8.00464	7.89425	7.35384	4.79984	6.18112	6.22098	6.10388	7.62337	9.0256	8.27374	7.67455	6.4331	6.37306	5.92151	6.87731	7.03625	6.65979	7.31598	2.31446	5.17975	9.97854	9.20809	6.69815	4.66327	6.77585	4.67403	4.8985	9.4398	8.33899	8.39716	2.51583	2.21706	6.30743	7.34531	6.93825	10.57541	7.45832	6.43673	9.28998	9.09108	4.53929	6.90221	3.36855	3.18334	4.84581	2.43657	6.68366	7.84408	5.70846	9.71882	6.23485	3.54309	8.07721	3.34211	8.91599	2.87903	9.09013	5.79827	8.31106	5.3062	7.50568	5.11872	7.38862	7.22976	5.2292	8.0546	5.98904	5.1907	3.71678	6.02979	4.58402	5.37543	3.72784	5.91019	3.92371	3.86014	5.47733	3.98398	4.10479	3.98443	7.94389	8.06625	9.61163	4.7936	4.02117	1.83787	9.05489	10.03651	7.55434	25.6769	9.45988	5.62923	9.33826	6.33202	3.08761	3.8814	8.69363	7.03992	9.94947	9.37571	8.52679	6.71301	4.68902	4.99604	6.44748	7.18002	8.88151	2.26779	4.10398	6.74235	6.5969	6.77722	6.62971	6.97948	4.073	3.71512	5.5855	6.41091	11.43932	11.28034	20.06231	6.9486	5.80215	5.52336	3.64973	5.26294	5.505	5.31285	5.05796	6.91431	4.6846	6.38872
step2_200_2000_5.0_16930.xyz_1	5.48398	8.84176	5.60185	7.00664	8.39498	1.53616	6.21838	7.368	6.79589	4.13178	11.75456	8.45508	8.40212	0.85426	11.1763	8.09782	3.61666	5.03791	2.94274	2.91159	6.70511	6.59519	8.06065	10.80746	6.99259	2.14565	15.82733	14.62317	17.22477	17.64155	20.96548	3.38496	6.15443	4.91566	2.89948	8.70394	7.85273	4.25662	10.11029	3.24184	2.86519	1.69584	7.12756	4.2846	6.21813	4.56578	4.42593	3.37222	5.08673	1.16478	2.97141	5.22711	8.50736	8.18984	8.56063	7.05122	6.20187	14.97857	5.74624	5.25637	6.85079	9.5699	1.77257	7.27506	6.75657	5.88139	2.69752	1.59583	5.06988	7.16711	8.51995	1.30457	0.9376	2.54468	13.52257	8.04627	3.79548	6.92521	4.66754	3.44182	8.93851	6.42864	3.32588	3.5839	2.08619	1.02566	2.27158	7.78965	1.32485	1.06171	1.84273	1.94161	16.37886	8.17921	6.53344	7.64212	7.42076	8.68284	13.90929	12.75284	9.21248	6.2218	8.11776	6.78193	7.29072	16.06372	8.74318	2.24371	2.25307	8.46743	8.26753	8.17034	8.10154	5.80643	4.22596	3.11503	3.85678	4.53801	5.12524	5.70395	9.57232	10.00944	9.87815	9.28322	2.73658	5.44801	9.05522	6.10609	21.68018	16.4947	15.95069	1.30875	2.37603	1.63798	4.6168	9.99326	2.07441	2.31873	2.70602	8.65749	9.19115	5.41979	1.23528	4.40346	1.00182	5.19035	6.37622	21.69672	3.03328	20.91326	2.21523	21.2785	3.59044	1.56917	5.8947	7.55474	2.51297	6.19583	8.519	3.67579	2.33628	2.6669	4.00611	8.5697	3.60499	3.21428	6.50925	5.98753	7.8785	7.614	7.3006	7.36655	5.86626	6.04714	6.77012	7.34261	7.90434	8.07853	7.57687	5.02145	6.51608	6.07855	6.19018	7.84822	9.566	8.63361	7.72168	6.58174	6.4185	8.11812	7.31991	6.45944	7.10061	6.93787	2.53964	7.34729	9.90846	8.84345	7.59195	4.67644	6.10555	4.08934	6.15607	21.48306	8.19891	8.5266	3.74803	1.17328	6.19977	7.83437	6.62059	9.2772	7.71767	6.0135	9.50853	9.08047	3.79047	6.7127	3.43941	2.89174	5.07726	2.85734	6.23139	7.59381	5.26875	9.55236	6.39286	5.13516	8.40949	2.5344	9.28572	2.99721	11.54911	5.90816	8.80485	4.81163	6.38136	4.9419	7.69538	6.82731	4.35436	8.75149	15.14895	4.5926	2.00968	7.47184	5.28224	5.53738	3.64283	7.57009	4.04612	2.00569	5.33094	5.37864	3.14243	5.44499	7.45698	10.68631	9.15085	3.6106	3.77117	11.71488	8.54346	8.80308	7.56113	25.72378	9.54397	6.43132	8.80329	6.02643	3.92444	2.0251	8.0642	6.95233	8.90408	8.32167	10.05662	6.88534	4.24022	5.20094	5.88105	7.66062	9.3682	2.51405	4.39701	7.29945	7.32302	5.47906	5.71857	6.99326	5.07908	4.2094	5.34831	5.14432	11.43671	10.27459	19.22067	2.4954	5.44346	5.00041	2.43115	5.29529	5.32833	5.79982	5.09384	7.13181	5.76408	6.66711
step2_200_2000_5.0_2177.xyz_1	6.38782	4.72658	10.838	7.68964	7.74317	2.66895	6.41747	8.4553	7.23832	4.62818	3.28993	6.02978	9.33206	3.10531	5.78448	8.14483	3.45991	4.87585	3.26497	3.22385	6.44512	5.93003	7.89506	7.92906	6.80736	2.94611	14.21388	14.69416	14.91791	17.62466	21.41582	4.78262	6.01163	2.83838	3.36899	9.86868	5.53457	2.48616	10.03635	8.34526	3.95072	3.32836	6.14364	4.2795	5.78927	5.82323	4.67776	4.31607	4.51931	1.51488	2.57576	5.62228	8.46311	8.6782	13.48758	7.58609	6.29713	17.4583	6.91152	4.72642	6.02618	12.22172	1.85727	7.21384	6.16069	5.93722	2.84629	9.26789	4.96494	7.69803	8.25858	2.00651	1.09118	3.01192	6.44834	9.99912	2.45972	6.83695	3.90744	6.69089	5.51844	6.65819	3.96451	3.16137	2.49915	3.41494	1.55453	6.55565	3.98069	3.50554	2.72951	2.84769	16.85106	5.71922	6.07838	7.84173	7.36075	7.39644	7.90432	6.5042	7.4393	7.49079	8.58814	7.3092	6.3935	11.04709	9.07054	1.27559	2.76559	8.44373	7.83473	7.81181	9.30188	6.1108	4.66007	4.61574	3.32052	4.3511	6.27591	6.44571	10.97132	10.31739	9.88814	9.59861	3.11409	3.83127	9.54387	6.66992	7.18285	16.17115	15.95211	2.85282	2.95211	2.87415	4.57811	10.18524	1.93987	2.10028	2.00632	9.50197	8.95002	5.71352	1.857	4.12315	2.5529	4.65625	6.28116	18.21488	4.89213	18.11445	3.36927	18.71781	3.02787	2.88839	7.77979	6.71167	2.73068	6.44103	9.32451	2.49102	1.92373	2.40049	4.23283	7.942	1.41248	3.46315	5.38763	6.44582	7.8122	8.0434	6.65117	7.46043	4.52992	5.01215	6.87318	7.25279	8.03417	7.59972	6.70887	5.23724	6.21228	6.12974	6.21407	7.59202	8.54781	7.71718	7.28261	6.57139	6.54329	6.08634	6.64815	6.69675	6.02663	6.17716	2.59144	7.19343	10.12574	7.85456	7.31642	5.75507	6.5055	4.71371	4.28845	9.31305	9.98919	8.64484	2.17558	1.84835	5.95097	6.92483	6.0657	10.52527	8.07058	6.12815	11.2313	9.50388	4.0262	6.76345	3.57793	3.36213	4.37085	2.41376	5.61795	7.70608	5.03153	10.47547	6.05846	3.47562	8.15823	3.66546	9.08435	3.37799	9.8567	6.40584	8.0329	5.44084	6.55192	6.19437	7.79045	6.88093	6.72277	9.1313	6.57225	6.0569	3.03136	6.65628	4.74876	5.70336	3.73259	6.54161	5.16642	2.81083	5.58556	6.25988	5.51209	6.37409	9.46879	8.52235	9.91907	4.47555	3.45174	3.10086	7.93071	10.62505	14.47098	25.3094	9.56308	5.94423	9.31844	5.79008	2.94911	2.95212	8.51478	7.13322	10.72342	9.49894	8.03349	6.62789	15.0005	5.72387	6.40319	7.88785	9.25421	0.40286	4.79087	6.34541	6.60549	7.58015	6.16648	7.03112	4.65508	4.39667	5.82087	5.43611	12.1424	12.01242	19.95004	6.67426	5.82921	5.88288	3.33944	4.9632	5.14802	5.94384	5.19965	6.4929	5.47159	6.17413
step2_200_2000_5.0_27766.xyz_1	3.0219	4.09662	5.61614	6.65757	7.29354	2.82542	5.01637	7.25207	6.87805	5.09908	2.73311	8.87704	8.07169	0.6718	6.02155	9.3947	3.34471	5.12447	3.58451	2.41592	5.46961	7.31854	7.03671	6.7735	8.87741	3.20161	16.32776	15.28727	19.14843	17.51339	18.77855	3.93625	5.32461	5.49299	3.47646	10.13056	5.05019	5.23043	9.60462	4.53039	3.50852	3.61281	7.01417	4.86088	5.62356	4.44863	4.01865	4.9034	5.96852	2.23411	2.24724	4.78233	7.70325	8.40683	7.93531	7.89494	6.6742	16.32325	6.30528	5.6615	6.43699	9.62779	3.01625	6.59063	6.68922	5.49603	1.49204	2.01876	6.10882	7.38392	8.22257	1.50626	1.57077	3.27185	6.41432	9.60767	3.2782	5.66258	16.40126	5.73453	4.07285	5.33377	4.48899	3.134	2.18128	2.14243	2.134	3.89698	1.97203	1.41113	4.64946	3.50234	16.5023	7.96983	5.86806	7.24692	7.46543	7.77585	6.26774	6.80911	8.46879	6.94044	9.78945	7.51801	6.59391	8.5542	8.2816	8.87105	2.99143	8.58786	8.39618	8.83005	7.70288	17.02069	5.0749	3.1258	3.36469	3.81411	2.91126	6.45914	10.70536	8.68916	9.27762	8.51795	4.29258	5.07398	7.62784	5.96521	8.76271	16.83198	17.03992	2.82919	1.74976	3.73574	7.35249	10.68996	1.87829	2.15593	2.56842	16.29776	8.88644	4.94682	1.73564	5.16332	2.10181	4.97283	6.20569	20.90961	3.37838	17.89675	2.14334	21.22998	3.62918	3.58228	6.84673	6.88187	3.52873	7.15459	10.57302	3.52731	2.84796	3.09614	4.00179	10.13811	2.42855	2.8748	6.26737	6.22947	7.49285	8.13611	7.41822	7.50207	6.33933	5.62274	6.54297	7.10685	8.00509	7.2984	6.77712	3.98298	5.67851	5.73847	5.29826	6.63822	9.93306	8.71321	6.86902	5.66357	7.05535	5.84069	5.71536	7.75545	6.55074	6.32485	2.42156	5.35716	10.45988	8.69985	8.4693	4.44707	6.69121	5.93716	5.01641	9.66872	8.22808	7.85646	3.55354	4.31175	6.32625	7.27445	7.15225	10.69522	7.58195	6.07977	9.42613	9.26906	4.06407	7.52951	3.31274	4.07476	5.00727	2.15717	5.9827	7.56299	6.13886	10.56815	6.16939	4.17505	8.07927	3.70279	8.0089	3.15703	9.27121	6.17176	8.78017	4.59517	8.08727	4.98014	7.91844	7.39431	6.80275	7.02136	7.15737	5.71124	3.15578	7.45824	5.20846	5.78129	4.71484	7.07705	5.53466	3.65114	5.84827	5.10658	3.72151	7.42085	7.53997	7.4347	9.00659	5.09692	4.05385	1.23933	9.05346	9.35584	8.16729	25.30098	9.67063	6.60539	9.117	5.47386	3.91394	3.32517	8.09172	6.71752	10.50436	12.36053	15.7406	4.58095	4.35072	6.19665	4.04046	6.36313	9.22826	2.78211	4.02122	7.86691	6.48878	7.23365	5.89534	7.1349	4.60416	4.83092	6.31431	4.83506	10.39674	10.97356	20.41555	6.02688	6.79177	4.54108	3.73849	3.7416	4.98371	7.6626	5.74701	6.79565	4.43541	6.85745
step2_200_2000_5.0_28005.xyz_1	2.48662	3.86081	5.53779	7.75407	7.57384	2.53521	6.02189	8.04761	7.00331	4.16857	3.19663	7.83435	8.68714	1.17395	5.96811	8.46562	3.30623	4.89025	2.70831	2.37794	6.30001	7.23179	6.27731	6.59619	7.04904	4.28139	17.55547	16.13335	15.84466	16.29191	21.10601	4.02752	5.84698	5.5881	3.87343	11.18573	7.30911	4.41823	10.34955	1.92048	3.14855	3.93771	6.30601	3.56119	5.07889	4.28857	5.69407	4.46842	4.19869	1.15329	3.10109	6.03653	8.71813	7.98013	8.71137	6.9804	7.63392	15.32823	7.14857	6.22408	6.81325	9.65584	4.54114	7.20674	7.0164	5.6501	2.6595	2.06301	5.41251	8.28631	9.09077	3.87135	1.28158	3.04863	6.17437	9.31529	4.48213	7.27572	4.93307	5.64	14.57544	5.8641	3.75275	3.55309	3.26415	4.72623	3.47904	6.9161	3.3739	2.13632	2.66268	2.96561	15.89885	6.94298	5.89446	10.2376	6.97302	7.79932	6.41474	6.74502	7.42773	7.01668	8.81022	6.86027	7.41489	11.32191	8.64434	2.80424	1.85455	8.42525	8.33111	7.80121	8.29351	5.67615	5.21528	3.06927	4.90868	5.3013	5.08319	7.26421	11.07154	6.70959	7.77685	8.85249	3.82388	4.38836	7.74588	7.52268	10.24722	17.74315	16.34564	0.9655	3.97124	2.95935	5.4376	10.68517	2.85152	2.90286	2.30441	9.17087	9.15787	6.01454	1.10715	3.70444	1.54023	4.89082	6.9166	20.57525	3.55042	20.67134	2.65766	19.09416	2.95883	4.34794	6.9574	6.91874	3.47569	7.08186	10.35702	2.16957	2.69006	2.30332	5.40012	9.01915	1.87308	3.74079	5.53392	6.04333	8.50978	8.12117	6.54445	7.55533	5.62208	6.02738	7.17466	7.45466	8.08499	7.48181	7.57817	3.38873	6.84252	5.60847	5.69977	7.83831	8.65904	8.32299	7.85705	6.36619	6.89635	5.70728	6.72701	8.88282	6.72691	8.09563	2.4545	5.38695	14.75449	8.94293	6.8706	4.51852	7.09928	4.41392	4.63221	7.23197	8.12761	8.62176	3.23905	2.84314	6.19743	6.88611	6.39344	10.73677	6.99313	6.04042	9.08599	8.73097	5.06037	6.68925	3.95718	3.15417	3.78845	2.60902	5.80187	7.50048	4.25784	10.96217	6.38515	3.64972	7.36152	3.3159	8.35003	1.78823	7.30371	3.49405	8.44849	4.7377	7.27856	4.70439	7.77429	7.90094	4.79001	9.07443	6.50896	5.33913	2.30599	6.27129	4.37694	5.15278	4.13699	6.58995	4.89563	3.80201	5.01508	5.29976	2.93738	3.74858	7.68116	7.90657	9.10267	4.64002	4.19004	2.82319	8.76402	10.13362	7.08774	26.5273	9.32708	5.79203	9.41368	8.57891	2.98012	2.47995	8.35333	6.75858	10.85669	9.02663	9.62022	6.72737	4.79701	4.7667	5.5242	7.31451	7.98945	2.40273	5.8425	7.304	6.99154	6.38794	5.89373	6.98746	5.52023	3.82089	10.79242	6.70273	8.44044	12.26867	18.42106	6.83561	4.22705	4.91481	4.06785	5.12138	5.0352	5.31241	4.9973	7.16728	4.42739	6.38203
step2_200_2000_5.0_4094.xyz_1	3.25747	4.27715	5.20957	7.32489	7.34799	1.70501	8.25034	8.71482	7.37188	4.43479	3.40735	7.22849	10.33274	1.10232	5.76947	9.35381	3.47307	7.57156	3.92212	2.25463	8.94248	7.15881	7.86561	8.57786	7.91135	2.59357	15.62719	15.59472	16.97164	16.65496	21.84284	3.77483	4.07263	2.49073	3.39872	9.91033	5.07915	7.68455	9.58987	3.95471	4.15523	3.70679	6.94878	6.2093	5.14679	4.14432	4.2392	2.79597	5.09282	1.0408	2.63107	5.50573	8.31762	10.48318	10.14248	8.77125	6.5845	15.11145	4.20687	5.72056	6.24747	10.12211	2.1059	7.44264	7.52018	5.79521	2.66995	1.68105	4.92242	7.52474	8.63055	3.0772	1.81761	1.36264	6.12783	10.32394	4.19383	7.87564	4.27137	3.37143	3.23964	5.90961	3.22368	2.78259	4.00346	1.78978	2.48187	6.78247	1.55372	2.48728	2.7335	2.33187	16.9658	7.15988	5.99954	7.70634	7.39487	9.0513	5.90987	5.94958	8.00973	7.46856	8.27622	7.44707	7.06182	9.30819	8.45833	1.98634	2.20201	8.5895	8.90745	8.4574	7.98546	6.21579	4.45476	2.57851	3.01616	5.97437	6.49354	5.54708	9.46392	11.1595	10.69235	10.67227	3.23725	5.33527	9.58828	6.43158	8.82066	16.6904	16.3112	1.53279	3.1928	0.91978	5.83576	10.49156	1.64302	3.05294	2.23304	8.83994	16.5582	5.86395	1.50659	4.28581	1.76125	5.29613	6.48161	18.63166	2.82085	18.63021	2.31999	18.39126	3.31826	4.5072	6.25578	7.48448	3.43421	7.22388	8.93642	2.55621	3.28344	2.78181	4.21844	8.46551	2.68685	4.12048	5.93681	6.67788	7.87748	7.99972	7.28627	7.58545	6.05111	6.37695	6.88558	7.27225	8.12978	8.29713	6.86977	4.77009	6.43596	5.95296	6.28968	8.40864	8.67293	8.21263	7.93145	6.57442	6.83166	5.8091	7.35095	7.39075	5.55642	7.82215	2.27609	6.08889	9.63392	10.30465	6.24664	5.0268	6.5381	4.65038	5.19442	10.3483	8.7171	8.81729	2.89271	3.23294	6.57739	7.71155	11.05415	9.97391	7.72059	6.5059	9.10423	9.04544	5.2293	7.34057	3.54747	4.48457	4.84524	2.54343	6.5063	7.49849	7.28725	8.65859	5.96574	3.35165	7.95558	3.6034	8.06112	3.4974	11.53468	6.24712	8.89201	5.38268	7.84147	4.95542	6.73699	7.03765	4.88533	9.07327	6.3439	6.07555	2.79192	6.51768	4.96636	7.11454	3.89786	6.23713	3.63526	3.75055	7.29247	2.93258	3.56844	3.08252	7.4824	7.85028	8.84981	3.2067	4.80208	1.6671	9.61409	9.47611	8.03251	27.64854	9.72441	5.72129	8.8242	6.07663	3.14592	3.04667	8.77686	7.9186	9.79203	8.86707	8.33626	6.11213	4.25946	5.02615	8.51384	6.53621	8.16847	3.3432	5.20629	7.21283	7.38362	9.21043	6.32552	7.13899	4.38934	5.23798	6.25614	7.27322	11.25566	9.18808	20.89682	6.85914	4.61337	5.1232	3.87354	5.35367	4.75931	5.41835	5.46125	6.69002	5.67789	6.02393
step2_200_2000_5.0_47873.xyz_1	1.85634	4.41226	4.95126	6.76923	7.34528	1.35493	6.7558	9.15289	7.37881	4.83921	3.74642	8.18766	8.88689	3.4823	6.2459	8.02329	3.14117	7.5081	3.93967	2.15954	7.19642	5.88192	8.80719	7.19694	10.46267	3.3639	15.81628	14.56741	15.95082	17.37157	20.93368	2.97528	5.75986	3.50407	4.14657	9.02886	5.28312	3.18874	10.68072	3.16664	3.61142	3.87801	9.30643	4.99681	6.48143	5.04558	4.94377	4.69187	5.17437	1.80525	3.31155	5.40401	7.78211	18.3045	7.36102	7.39325	5.51315	17.18347	6.40347	5.48771	5.35589	8.90573	1.23925	7.17804	6.55651	5.44997	4.20208	2.45619	5.2275	8.31805	7.80195	1.64686	1.93704	3.13145	6.8137	9.60726	4.29697	5.92471	5.09809	3.41154	3.67617	7.06888	3.88612	2.3998	12.14335	1.1488	2.39396	6.29011	1.66009	1.44241	3.3396	3.48917	18.46791	7.03698	6.59454	7.55216	7.3745	7.57586	6.04699	6.10409	7.80411	6.85727	8.46497	5.98143	11.07095	10.09809	7.9208	1.36962	3.27903	8.55851	8.30214	7.88676	8.12872	6.99155	4.92514	3.89924	3.66076	16.34561	5.21006	7.66062	9.7052	12.88256	14.86923	13.533	2.96138	4.03595	12.32776	6.8984	7.8215	16.48774	16.99465	1.8007	3.76646	2.65315	4.59282	9.88713	2.22895	3.53034	2.50731	8.42699	8.62084	5.01809	1.70263	5.3719	1.92469	5.57948	6.13066	18.29505	3.49605	18.90783	3.24465	18.45754	3.25333	4.22562	9.18466	7.16838	3.5161	7.596	9.36335	4.75571	2.4153	2.97552	3.69634	9.39806	3.85952	3.16314	6.47634	6.31237	7.88673	7.36936	6.89974	7.15622	5.83002	4.55556	6.46552	7.03001	7.46808	7.85707	13.86883	4.92142	6.0226	5.54361	5.7255	7.39404	8.24666	8.08351	7.88036	6.47938	6.60971	5.63932	6.77562	7.02805	6.97701	7.60744	2.31188	5.36169	10.42646	8.72957	6.65015	5.33246	6.52981	4.13456	6.80492	11.44265	9.12096	8.4507	2.83241	13.54979	5.84988	6.81542	7.36009	10.56462	7.99519	5.96163	11.07112	9.17299	4.92739	7.45602	3.65546	2.18397	4.2951	3.59833	6.9081	6.81857	5.65388	9.08125	6.3253	2.62941	8.23421	12.43477	9.63632	3.22338	16.11358	7.41686	8.52468	6.13384	8.84946	4.57443	6.33266	8.80307	6.91178	5.48384	6.07913	5.22896	2.91671	7.02103	4.18563	6.10154	4.49677	6.88316	3.85504	3.15767	6.24291	3.59655	3.35368	2.93245	5.87604	9.04289	9.99996	4.72149	4.22014	2.58869	9.62664	9.52084	8.83344	26.40077	9.08513	7.79251	9.35333	5.04895	2.80423	5.34295	9.33268	7.87989	10.03387	8.23346	8.70724	6.55634	4.71222	6.03012	7.91668	7.32849	8.60598	2.01997	4.70872	6.8106	6.66157	7.52795	6.1652	8.88703	4.31909	4.33023	6.74992	5.55125	10.72197	9.62561	19.6809	6.60179	5.90443	6.0019	3.77244	5.25419	3.36431	4.57066	5.18004	6.87842	3.97925	6.35614
step2_200_2000_5.0_77285.xyz_1	5.57344	3.8962	4.82488	7.82166	7.23014	3.11744	5.83383	7.33935	6.91465	4.44264	3.3059	7.18926	8.85399	1.70577	5.94704	7.52972	2.74428	5.95262	3.26873	3.33532	5.56056	7.27873	7.89762	6.3839	7.41287	2.65786	15.96122	15.30057	15.59581	16.10605	21.12861	3.47452	5.44753	4.32746	4.54399	9.15576	6.77625	4.07428	8.78572	2.84509	3.94386	2.54808	6.4826	4.3372	5.48019	3.55857	4.95145	4.94317	5.38344	2.65914	3.50644	4.69429	7.79735	10.79898	10.28379	7.33014	7.37315	16.87933	4.6714	5.20893	7.24371	9.37115	1.82057	14.77055	7.38159	5.69277	3.3746	2.00362	4.84503	7.15672	8.35174	3.2198	1.70461	3.7168	6.74462	7.33867	4.26316	7.9114	4.96385	5.6327	4.26246	6.06136	3.31652	2.67175	2.46628	1.0179	1.77108	6.71866	3.16109	1.7703	3.91992	3.43827	15.39577	6.92469	6.37494	7.83231	6.94893	8.53145	6.38443	6.76876	8.03234	6.99759	7.36867	7.50188	6.65485	10.67789	7.62515	1.83863	3.91891	8.48253	8.30596	8.08314	15.56542	5.63378	4.91808	3.47417	4.53147	4.09611	5.23217	4.34386	9.55562	8.56973	7.70753	8.82545	3.6218	3.78469	7.98351	6.01106	8.2608	16.46898	17.75337	3.7938	3.16761	1.90636	11.9738	10.2096	2.00652	2.31936	4.83529	8.29702	9.54034	5.52778	4.50209	3.82051	1.62283	5.07311	6.63071	20.54677	4.57795	20.66274	6.75717	20.68333	2.32661	4.07692	6.92887	7.50425	3.47078	7.23456	9.55975	2.14199	2.97358	2.22113	4.87224	7.82343	2.07005	3.25185	6.0056	5.9547	7.67617	7.98654	7.11615	7.41443	5.32471	5.92911	6.64906	7.33505	8.09858	7.7131	7.61134	4.21683	6.36507	6.12839	6.00199	7.14168	9.2221	8.58257	7.46184	5.95744	6.61213	6.80808	5.58516	6.31667	6.67431	6.72188	2.19925	4.85682	9.83011	9.0247	6.2803	4.78175	6.48278	5.53198	4.39338	9.87382	8.31046	8.5762	4.93105	2.50757	5.95633	7.4369	7.22428	9.88406	7.89044	6.05999	9.58026	9.15206	5.00319	7.06197	3.81373	2.94527	4.35717	3.73543	6.22219	8.90191	5.87357	10.32591	6.61229	2.97234	7.94665	3.53638	8.50717	3.04395	7.59524	7.3589	8.68744	5.64733	9.20334	5.38213	7.11158	13.00615	5.07275	7.99284	6.65181	5.11657	3.49674	6.73981	4.47133	7.37028	3.50271	6.58611	3.94032	3.86754	6.64597	7.06171	6.44986	5.64785	7.82233	8.2373	9.3762	5.0387	4.60472	13.06394	8.00782	10.77583	7.65319	25.92253	9.70129	5.59172	8.96069	6.32232	2.62591	3.83898	8.62972	6.77912	10.27412	8.25737	9.04034	6.76431	4.46413	3.37501	5.89077	6.34712	8.30398	1.14384	4.64398	6.85218	6.88556	6.85704	6.26295	7.04888	4.68938	3.48408	5.26564	6.55309	10.37092	8.13884	22.10351	3.84281	4.01713	3.90042	3.02482	4.58189	5.16417	5.17505	5.85114	6.47199	4.98516	5.9183
step2_200_2000_5.0_85412.xyz_1	3.00889	4.1958	6.61322	6.86148	7.27775	3.03111	7.59666	7.76123	7.17514	4.26698	3.01718	7.36949	9.17975	0.74822	16.22616	13.13467	3.11904	5.33033	3.5036	2.20661	6.57029	5.24867	8.43329	7.5166	7.2266	3.21456	15.66271	15.47361	17.22912	17.42996	23.69716	9.8152	4.73878	12.61528	6.3553	10.03354	6.5683	3.55081	10.26655	3.92484	3.49181	2.30915	12.7205	4.6568	5.87948	4.9226	5.48131	4.75586	4.657	2.91217	2.94839	5.58662	7.94467	8.34055	7.68032	6.75024	6.61246	16.98966	5.86389	2.85423	6.34122	10.40893	2.41021	7.52729	7.82553	5.75659	2.88609	1.26313	5.2887	7.76628	8.74241	2.302	0.87158	3.25837	5.70463	10.06284	3.419	5.98829	4.22135	6.64006	3.35207	6.5888	3.64507	2.70994	2.37933	3.56854	14.11121	7.8215	1.38305	1.36129	2.53976	2.73423	17.31505	7.1795	5.456	10.22144	6.95034	7.32222	6.10311	6.05135	7.73445	8.017	7.68311	7.36228	7.03527	9.00764	8.11849	2.13472	3.03843	15.49666	7.885	8.01535	7.90733	6.08042	4.98541	3.27246	2.92596	3.73406	3.74874	5.37622	9.10062	10.22051	9.41977	21.66241	2.15363	3.21994	9.97857	15.3045	19.32447	16.74702	16.53437	1.95138	2.19302	2.20859	4.77329	9.66492	10.09034	1.74802	9.89141	9.07523	9.03968	6.088	1.54026	4.66762	2.50374	5.53317	6.2271	20.38747	3.60441	20.41295	2.78214	18.81643	3.1151	3.47579	7.86293	7.45449	3.92601	7.2456	8.44874	3.86503	2.89872	2.45484	5.30866	8.72085	2.30784	4.1963	7.60593	6.59318	6.10654	7.7084	7.34143	7.34595	5.05959	6.48459	6.48638	7.35009	12.00868	7.37909	7.5526	4.32364	6.14559	6.21151	6.37942	7.47982	9.09837	8.61056	7.51313	6.70057	6.38205	6.29476	6.84551	6.99909	7.36361	7.42838	2.85186	4.74664	9.92604	8.66676	5.13439	5.40508	6.77252	4.77184	5.31977	9.00042	7.86633	8.53399	1.83722	4.69801	6.31752	8.05543	7.04748	10.43944	7.18826	6.40692	8.66911	8.92021	5.13841	7.94473	5.02465	3.81348	5.73778	2.25717	6.30367	7.95573	6.61181	10.69864	6.32167	4.0281	8.06766	3.78978	7.63514	3.15023	17.13338	4.19946	8.65951	5.03115	8.5577	5.83335	7.02728	10.54296	3.72099	8.96396	6.4678	4.81228	3.35793	19.23693	4.71244	5.17566	3.7993	15.58706	4.10649	3.01252	5.32529	8.03728	11.73596	5.0354	8.56454	8.87171	10.18577	4.77453	3.6128	1.34377	9.41991	9.97094	8.01085	24.48957	9.49716	6.11761	12.40359	5.68304	2.81598	3.01041	8.9492	6.83343	11.3509	12.71511	9.00855	7.54552	4.45871	4.96647	5.31947	7.48215	8.91422	14.16787	4.16721	7.16731	7.4673	5.87901	5.96914	7.00947	5.04856	4.08831	5.59091	6.72216	11.39296	12.18396	19.24803	6.76413	5.33261	5.19049	3.43586	5.59368	5.37585	4.88725	5.10904	6.31076	4.91654	6.55
step2_200_2000_5.0_86398.xyz_1	4.31435	3.72537	4.79325	7.46512	7.1983	3.16898	5.10669	7.89549	5.97776	4.68122	3.73879	3.95576	9.83835	1.77343	6.40067	10.21669	11.31887	6.92881	2.74831	3.93473	6.39095	8.37911	8.87908	7.94462	7.25317	3.31863	17.57938	15.04935	16.12796	15.66455	22.27078	3.82529	5.84172	3.69776	4.81107	17.05068	7.24586	6.06766	9.85387	12.96326	5.39471	3.70013	7.36936	3.6599	5.9004	3.42813	4.88664	4.39379	5.91976	3.57831	2.99098	5.40953	7.84477	9.66802	10.01314	6.54186	5.67626	16.04744	7.30058	5.18166	5.52367	9.78952	2.9107	7.29178	7.93317	6.76483	3.4273	2.69857	5.1302	13.73226	8.76681	2.49332	2.1015	2.63877	7.18121	9.53146	5.05444	6.69669	4.79804	3.95652	3.88821	5.6292	4.161	4.06272	3.56828	4.01641	13.55003	6.09631	2.26898	1.59258	4.97233	5.08983	16.97256	6.55043	6.27155	8.61308	7.17184	8.46533	6.83034	6.92213	7.75849	6.79188	17.03662	7.00294	6.63705	8.40536	8.17154	8.63535	2.70889	8.03128	8.73589	7.9377	7.73197	5.98818	4.00346	3.64823	4.92013	5.09431	6.06386	5.54549	10.33847	10.69999	10.79479	10.30294	6.01968	6.29628	9.90948	8.75755	9.05509	16.23969	17.94731	1.46925	5.40805	12.11985	5.44962	10.55133	1.77707	1.91162	5.46881	8.16464	9.19005	5.52945	1.01047	3.24911	1.50623	6.15638	6.40176	19.00922	4.44073	19.05172	2.81848	19.14794	3.7266	7.83881	6.36374	6.35491	4.5373	7.29566	8.70116	3.14327	2.07675	1.72496	4.90641	8.42743	2.17203	2.72186	6.61622	6.54418	7.97676	8.65966	6.19665	12.09991	5.59177	5.13841	6.39848	7.32972	7.93069	7.69086	7.61146	4.91418	6.14527	5.99017	5.68378	7.8983	8.75306	8.07788	19.18643	5.87451	6.52593	7.62487	6.67691	6.78324	6.6387	6.86967	2.31366	6.87578	9.80776	7.67402	6.37782	5.06064	6.4895	4.2742	5.98363	9.11714	8.41238	7.45112	3.4287	4.6786	6.56424	10.80864	7.81445	11.95865	8.44313	5.68179	9.08131	10.00008	6.00748	7.83653	3.33607	4.17435	4.94025	1.97212	6.01429	7.27733	6.37648	9.31492	6.16787	9.89258	7.93079	2.93734	8.42722	2.61939	9.34597	4.12621	7.92383	4.73661	6.7068	5.8397	9.02097	7.31538	7.19066	8.48892	6.31123	4.10294	5.05656	6.17599	4.45332	5.49315	4.4374	6.304	4.68563	5.1734	5.74995	4.6743	3.31704	3.75126	8.4402	7.56082	9.61951	2.64475	11.55131	3.22338	7.6466	10.66672	8.0735	25.52216	10.37268	5.54256	9.01598	5.48093	3.56459	3.51362	5.17417	5.41756	9.968	8.35507	8.11111	6.73279	4.17575	4.15232	5.9854	6.00821	7.73166	2.08008	4.49132	6.15841	7.06173	5.3987	6.45338	7.07855	4.62197	5.0025	5.61013	5.65908	9.6529	9.23528	22.02837	4.65015	6.18137	4.89148	3.72238	3.74853	4.6248	3.12134	5.82561	14.65106	5.83953	5.88774
step2_200_2000_5.0_86498.xyz_1	4.0713	3.84844	5.27636	7.15386	7.26602	1.57692	5.57388	6.95619	6.82465	4.84592	3.00571	8.67749	9.4879	1.35163	6.54785	7.69618	3.11364	4.45026	2.77408	2.16306	5.93527	6.06513	7.83129	7.50291	7.54915	3.53066	14.6997	15.56066	18.00725	17.48684	22.99942	3.80364	5.83032	3.19261	4.47452	8.27424	5.00698	3.58472	9.83929	3.1569	3.05472	2.26045	7.01841	3.9623	6.50747	5.10574	3.44231	4.51704	4.54174	2.09201	3.73199	5.23559	8.21674	9.32295	8.55005	8.12306	5.77798	16.04171	6.70051	4.39834	5.83302	9.97896	2.4201	7.23148	7.48804	5.66337	3.65162	1.27169	5.00377	7.47058	8.23252	1.15137	1.12758	3.2673	5.69636	7.95966	3.63267	7.21495	3.96388	3.80752	3.53647	5.381	4.54229	3.07866	2.53949	0.59795	1.93302	7.47674	2.51127	3.02474	3.30833	3.35643	16.44405	6.56458	5.80464	7.15662	7.39169	7.33655	5.89991	6.15737	7.73222	6.79901	7.41531	5.94513	6.1746	9.49661	8.35321	1.6975	3.28517	8.69311	7.94313	7.94998	8.25902	5.36557	3.84516	1.51277	6.15389	5.17018	3.97504	6.55856	9.81373	10.02345	9.70826	9.32621	1.71337	3.39124	9.24762	5.7642	7.4806	15.12452	17.23471	2.18038	2.34961	2.06484	5.53546	9.88455	2.3301	2.31125	2.73934	9.26658	9.60299	5.71825	1.27717	3.78383	1.15662	4.96604	6.56441	19.45673	2.51775	19.20947	2.66007	19.29306	3.16705	4.15489	6.96967	7.13963	3.93988	7.88981	7.94561	5.22349	4.16881	2.17608	3.96133	8.39813	2.2325	3.00266	6.64968	5.49455	7.55513	7.71998	7.09535	7.31801	5.34795	6.13618	7.02829	7.10417	7.75424	7.73518	7.00668	4.47475	7.74278	5.60916	7.34512	6.53944	9.12377	7.70436	6.42788	7.17302	6.63738	6.25876	5.89527	6.88119	7.98081	7.7849	2.78362	4.71414	10.35997	7.99882	6.47917	4.50137	6.63466	4.82214	6.80021	9.19015	8.16525	8.47579	4.86183	3.29474	6.00025	6.80138	7.84045	10.74009	7.27889	6.29311	8.8172	8.87823	2.69324	6.67587	3.58857	3.91004	5.29374	2.69875	6.11723	7.1972	5.17894	8.40979	6.19183	2.41564	7.6277	3.34766	8.27186	3.0104	10.00403	5.04785	8.04358	4.79517	6.92576	5.03677	6.94446	6.62849	3.87996	7.86743	6.54723	5.49214	2.17136	6.65959	5.81626	5.80425	5.07514	6.30101	5.23202	2.45523	5.85135	4.32973	3.1576	4.39368	7.96528	8.54702	9.51557	4.97937	4.6396	1.55058	5.83122	8.82248	8.57785	26.77982	9.11904	6.63436	8.97492	5.75322	3.31837	4.1261	8.62512	6.70908	9.73921	8.84663	8.36504	6.79223	4.64673	5.26341	5.70149	7.26797	8.18914	2.73885	4.72008	6.4619	6.40045	5.94549	6.80114	7.66961	5.27042	3.96209	5.53432	5.79896	12.05077	9.33362	20.98845	6.39158	12.95035	3.78377	4.53661	5.09492	5.11832	5.59079	5.35663	6.36489	5.65614	6.01271
complex_2	2.11375	3.74738	3.69439	8.30204	6.55499	5.34147	8.65675	5.29298	0.6604	4.85349	2.38758	5.51951	9.45089	5.72747	1.01647	6.00356	4.57213	6.54315	9.19186	3.46421	6.82669	5.43067	6.78021	8.56139	7.69798	8.47815	20.89914	17.27968	16.8426	17.01815	16.50305	3.84101	3.97688	4.40806	1.74617	8.56497	8.0713	6.95934	3.79636	8.2766	10.25374	6.91011	5.67195	2.30047	5.6486	5.67338	6.32353	4.71691	5.43483	1.55414	6.42022	5.23642	7.41871	6.66052	7.8146	8.46745	5.79379	20.21574	5.44814	7.82049	6.62403	9.33701	6.43319	5.61753	7.0826	5.81541	6.19525	5.66041	5.25245	6.72584	8.60257	2.56687	7.22382	5.18883	9.56742	9.55937	4.30724	5.35524	4.35703	7.07833	4.27231	6.2545	3.10429	3.69198	6.14481	5.69528	0.74901	6.70424	4.44828	3.61913	3.96379	8.984	15.61707	9.33589	6.48743	7.87179	6.7159	6.55149	6.35676	6.57117	6.65784	6.80172	7.43475	6.30319	9.75395	8.76813	7.77959	8.22975	1.98348	7.8019	8.68864	1.61926	9.35013	6.12933	5.08839	2.06328	3.60949	3.84311	5.88783	5.23128	9.76385	9.2883	8.95614	8.70277	4.51218	5.0336	6.13478	6.37012	5.12181	16.77486	16.88737	5.86438	2.59181	5.579	5.5661	10.05952	10.09692	2.84134	4.06657	8.08561	9.27484	5.35196	1.36172	3.57324	3.71829	4.82242	6.54812	20.3774	5.27207	18.95357	5.82823	20.15241	3.77743	2.99125	5.63383	6.70896	7.71281	4.07744	5.80741	7.45833	2.43438	9.07898	9.4073	6.96325	2.49817	4.54887	4.58456	5.93243	7.11093	7.22132	7.7962	6.64003	7.00977	6.6042	6.55078	6.60892	7.3475	7.46824	7.08153	4.86504	7.44668	6.05792	6.27394	7.53684	8.53226	5.64982	7.02258	6.40079	6.4509	7.43955	6.85461	6.19453	5.00662	4.60009	2.50798	5.86333	10.06283	9.00832	6.73958	9.54772	6.90926	4.66928	5.33363	6.23196	8.90479	4.03638	6.23658	1.00724	6.29033	5.84634	8.64717	3.35013	6.64237	5.98388	9.12963	6.94793	8.03281	6.54559	3.52143	6.82709	9.118	1.06039	6.45079	8.66152	5.42763	8.02084	5.92194	6.45308	7.64782	4.14147	9.02055	3.42884	5.23897	5.03814	6.98585	9.24349	4.73078	9.89929	3.52004	6.78529	7.94733	8.08543	6.19303	3.67971	3.90807	6.26459	3.54378	5.96453	4.34641	5.84942	4.25109	6.79605	6.13989	5.7937	4.20464	2.44531	9.03565	9.07592	10.18333	4.60196	9.09331	9.38297	1.46496	10.09867	10.05779	25.57001	5.26744	9.31549	8.42134	5.59441	3.88384	2.95103	8.33445	10.40637	10.45486	5.64508	8.83069	6.34628	4.40068	4.47341	7.81841	7.02963	9.05557	2.45307	5.08154	6.44424	6.23732	8.43933	5.97666	7.06265	3.97067	5.84677	5.59352	9.3503	6.15839	5.93091	20.81095	13.16601	6.32019	5.66762	4.63911	5.80514	5.14435	5.33361	5.59034	6.46984	6.82888	4.55008
step1_200.xyz_2	2.14476	3.63837	3.54053	8.34461	6.49307	5.3502	8.68259	5.36553	0.69253	4.88958	2.26828	5.5536	9.32908	5.77661	0.81001	5.94889	4.58467	6.62306	9.07233	3.61108	6.81831	5.53968	6.6841	8.56161	7.76269	8.43977	21.06104	17.00737	16.56431	16.83381	16.2697	3.85275	3.96169	4.31647	1.55679	8.47578	7.99496	6.81798	3.83209	8.15871	10.21493	6.89611	5.70211	1.90618	5.7152	5.77469	6.30026	4.6776	5.44745	1.53314	6.45041	5.21974	7.26278	6.41391	7.8231	8.31066	5.78806	20.34574	5.24515	7.78501	6.53755	9.39945	6.46971	5.49546	7.01275	5.88511	6.34977	5.55992	5.37094	6.82801	8.55663	2.73492	7.20114	5.20002	9.53363	9.61047	4.18999	5.20438	4.22383	6.9784	4.24075	6.15626	3.14165	3.66381	6.16278	5.60411	0.71998	6.60879	4.57206	3.66076	3.83886	9.01089	15.71048	9.29631	6.44029	7.95901	6.5933	6.66394	6.39258	6.57052	6.77154	6.82002	7.31094	6.40061	9.69404	8.74773	7.73996	8.28477	2.09064	7.84154	8.70674	1.51961	9.3577	6.10459	4.61565	2.04656	3.47792	3.98622	5.53363	5.05623	9.94293	9.20969	8.91944	8.7055	4.30809	5.13382	6.08542	6.27561	5.16091	16.46805	16.71007	5.8745	2.48263	5.65452	5.58642	10.19855	10.20641	2.88561	4.08596	8.21017	9.31172	5.38751	1.4892	3.41688	3.65466	4.69348	6.56005	20.30508	5.309	18.85315	5.87413	20.07113	3.7157	3.0634	5.58214	6.67706	7.85681	4.11532	5.77201	7.372	2.52613	8.99632	9.31305	7.06539	2.48201	4.5588	4.62574	6.01081	7.02929	7.15123	7.74652	6.54157	7.10203	6.72855	6.59677	6.51873	7.27585	7.37927	6.94486	4.79482	7.36052	5.97559	6.2779	7.48576	8.57059	5.79797	7.03102	6.42419	6.46269	7.399	6.85345	6.12334	5.11592	4.63944	2.48778	5.98313	9.9787	8.89953	6.6802	9.66741	6.9106	4.71727	5.39036	6.30088	8.84991	4.02448	6.28145	0.92836	6.23629	5.9361	8.6515	3.38533	6.53345	5.92086	9.10422	7.10243	8.12706	6.59273	3.598	6.72842	9.05602	1.03202	6.42391	8.64925	5.42466	7.92662	5.75719	6.52625	7.69112	4.00927	8.99479	3.51301	5.30702	4.98782	6.99737	9.30333	4.65077	9.98097	3.38248	6.82648	7.97194	8.04292	6.18036	3.66023	3.80134	6.2572	3.48099	6.02416	4.22928	5.86222	4.23477	6.70708	6.18581	5.89653	4.07667	2.20664	8.99943	9.10156	10.13308	4.55103	9.17185	9.34689	1.38715	10.16025	10.16407	25.50459	5.26261	9.23087	8.40958	5.58626	3.84579	3.02044	8.14235	10.3555	10.45387	5.68126	8.95842	6.32807	4.17424	4.16716	7.89027	7.19376	8.97249	2.24199	5.16366	6.54303	6.35353	8.366	5.92307	7.07188	4.14064	5.81832	5.56108	9.33362	5.77781	5.58389	21.03868	13.14993	6.08991	5.53079	4.3449	5.77975	5.04656	5.26129	5.54692	6.42341	6.85218	4.66148
step2_200_2000_5.0_16930.xyz_2	2.80123	4.98453	10.33052	7.91315	7.75853	5.4434	7.60427	5.14612	1.68146	5.10846	11.34969	7.91883	8.47668	10.68319	0.63195	7.10359	4.79215	6.73081	8.58679	3.20983	7.36989	5.32711	5.14467	9.01902	7.38593	8.9623	21.06499	15.91566	15.71051	15.53943	16.99849	7.95892	4.1218	4.9157	1.41103	8.25597	7.66717	6.21122	2.9922	7.13068	11.22822	6.6592	5.59051	1.98658	6.0266	5.82014	6.48184	2.90882	5.01024	1.12779	12.97927	6.18281	6.76765	5.91411	7.33053	8.49817	7.72568	20.37175	5.40459	15.21613	7.20911	9.15117	6.4349	4.57347	7.06064	5.8274	6.1637	6.29893	5.20442	7.04214	8.41575	1.86878	7.0309	13.65196	8.4294	8.50201	3.04761	3.71275	3.37257	6.05757	11.25957	5.07684	9.01247	10.7188	5.66775	5.48422	1.66669	6.46237	5.23755	2.79948	2.22087	7.71142	16.50141	12.53336	6.61654	7.20427	10.50822	6.85766	6.41867	6.53938	7.05694	6.43496	8.14648	6.72298	8.05148	8.48792	7.18711	9.12444	1.89146	7.98139	8.7035	0.89233	9.23881	5.31171	4.20185	5.04512	3.67501	4.16479	4.95262	5.08044	8.71388	10.08049	9.29498	8.98077	9.02303	5.38479	7.1366	6.12656	5.07178	16.78456	16.39216	6.20993	2.08538	6.20298	5.71088	15.10158	10.29946	3.10328	4.42694	8.3293	9.4511	6.14882	1.33339	4.15384	4.08845	5.62751	6.52907	20.35204	11.69453	22.93414	5.34752	21.1178	2.90825	3.18702	5.40673	6.81085	8.07225	4.04762	5.61765	7.05504	2.66689	8.77872	8.47249	8.76139	4.19782	4.59836	4.11695	5.89433	7.10614	7.14606	7.97673	6.74961	6.45158	5.51876	6.75722	6.33234	7.27915	7.28388	6.65917	4.88476	5.91792	5.78377	6.23265	7.68248	8.0779	4.32639	6.60797	6.20074	6.25715	7.6166	5.48666	6.50253	5.20585	5.53524	3.39151	6.27427	9.91017	8.3852	7.82911	12.87619	6.86162	3.43508	5.79609	8.08183	8.69089	3.98437	5.78353	1.1575	6.29828	4.84448	9.30296	3.75998	6.54779	5.76524	9.00609	6.21796	8.18287	6.43209	5.19404	6.76258	8.61139	2.41521	6.21858	9.48035	5.34943	13.84932	4.97269	7.05952	8.21034	2.67785	9.95374	3.94272	5.22825	4.44714	7.48123	7.99233	4.33369	9.81573	10.97319	6.55048	12.318	8.14727	14.01423	3.78925	1.95895	10.49265	3.65292	6.1124	9.68857	10.66821	4.00347	6.7302	6.41967	5.84636	3.08968	3.0303	9.38666	8.88798	10.1961	4.08951	8.81234	7.60236	1.87	9.96424	10.69192	25.10217	5.59048	8.70979	8.36189	5.34253	2.98595	4.0109	7.25287	9.62306	9.81632	6.00807	10.17664	5.99553	3.1178	3.87712	7.38191	6.35762	9.27452	2.31458	4.24841	7.34656	7.53443	7.66033	6.12154	8.03826	6.0246	6.91973	6.13577	9.63514	4.46962	3.84355	21.87476	13.42227	4.3504	5.39462	3.39415	5.93959	5.32472	5.13158	5.73434	6.55661	6.7321	5.39659
step2_200_2000_5.0_2177.xyz_2	2.01477	4.33931	3.73558	8.33955	7.64885	5.39463	9.09127	5.58762	4.73215	3.92137	11.16665	6.45333	9.46297	5.80354	3.18777	6.66262	4.2162	6.56725	7.27243	3.62861	6.16169	6.24346	7.4007	9.51038	7.23345	8.85491	21.35292	17.83121	17.24846	17.35637	16.4574	5.32516	9.12674	3.11316	1.12757	7.7158	7.66075	6.82921	4.5198	8.17073	10.41422	6.9432	5.52805	5.79565	6.10545	5.73602	5.6539	4.63505	5.02058	1.50963	6.81569	5.45788	6.95473	7.04142	8.31895	8.35442	6.21572	20.89155	5.18282	5.56932	6.7305	9.77989	7.06225	14.29735	6.61288	5.90672	6.51115	6.17017	5.25465	6.20264	7.43861	1.74908	7.09942	4.50051	10.30984	9.78578	3.52074	5.03659	3.62482	7.54067	5.29529	4.83843	2.94729	4.00476	5.96088	5.73686	1.5329	6.6708	5.50947	3.253	2.50323	12.86148	14.03477	9.63665	6.45038	7.17946	6.36863	6.83296	6.33902	6.29849	6.69656	7.02702	7.82725	7.057	9.67157	7.25852	7.12925	14.04319	10.81302	7.62788	8.81005	12.73735	8.95555	5.89316	9.07059	4.30828	4.30141	4.39823	5.25822	5.3075	9.40253	10.14263	9.91394	9.35061	3.75753	15.57656	5.27165	6.67209	5.62662	16.39216	16.16926	6.26452	2.0828	6.22678	5.82765	9.50918	9.66849	2.74282	4.67154	7.90726	9.37735	5.47415	1.7627	3.72968	3.44584	3.4296	6.61086	22.78725	5.17792	18.4033	5.90632	19.51192	2.91889	2.91394	6.25453	6.49024	8.55102	3.7133	7.55017	7.42521	3.23751	7.46097	7.87106	7.22181	2.59265	3.49754	4.3939	12.5952	13.93896	7.13601	7.23364	6.38477	5.97526	5.84883	6.55618	6.97207	7.3825	16.74482	6.3949	5.2232	8.74063	6.10267	5.92576	8.53659	8.3737	5.74674	6.60258	6.28953	6.00418	7.79346	6.2063	6.60884	5.4324	4.64254	4.36236	7.82431	15.56959	9.00952	7.28378	9.58102	6.95961	5.84201	11.50381	6.16256	8.9007	2.52092	6.74128	1.212	12.99885	4.85403	6.42633	4.08216	7.60272	5.89347	7.82761	6.26418	7.97284	6.53071	3.32295	5.84393	9.58342	2.15479	5.68935	7.60295	5.46679	8.02483	5.43433	6.51073	7.29215	3.95905	9.48805	4.45585	5.79983	4.79725	5.84754	7.92003	15.31385	9.28784	3.60872	5.79872	9.57073	9.29238	6.488	2.89831	3.76298	6.46174	2.61693	5.92905	3.05224	6.28273	4.38021	7.15436	6.20412	5.98368	4.92861	2.4555	9.32717	8.89067	12.64968	3.88389	8.5554	9.50985	1.32034	10.30474	10.60659	27.11144	5.05205	10.72699	8.21731	4.81606	3.28395	3.17487	7.15023	9.10802	11.04476	6.09726	17.97116	6.33421	2.69896	3.53714	7.24237	5.98103	10.44639	1.03967	5.96062	6.96653	15.53361	8.7858	6.33772	7.0856	5.10021	5.79836	5.31719	9.45078	7.62552	4.40511	21.40975	11.47244	5.38496	5.88211	4.68247	6.7439	3.88392	3.62612	6.09008	5.91239	7.17278	4.65775
step2_200_2000_5.0_27766.xyz_2	3.79811	4.05804	3.87572	7.33595	6.67019	5.30254	7.90196	4.70632	2.69908	4.0985	2.33479	3.82325	9.35125	6.06471	0.59573	6.32859	4.97894	6.04881	9.93355	2.53319	6.95321	5.23051	5.56312	8.66562	7.73017	8.58243	19.14934	17.48799	17.12368	17.77132	16.08996	4.10969	4.09922	3.14366	4.07162	8.97303	7.02274	6.49208	3.35565	8.0477	10.79313	6.44907	5.2833	3.76288	5.9893	6.2446	5.64588	5.27059	5.76105	2.27849	6.68564	5.78691	6.26244	4.91643	8.75645	8.06962	5.34071	20.3731	3.62621	7.90076	6.56488	10.04811	6.58218	5.30074	7.91336	5.85006	6.42511	5.86159	5.83725	5.8906	8.38463	2.37664	7.41888	4.83064	8.97496	9.61153	3.74522	5.29713	4.74955	6.12977	4.68649	5.55725	3.41882	3.79392	5.87765	6.20996	1.77892	6.02798	5.24842	3.20374	3.55873	7.55357	15.42028	9.30489	5.65885	6.97254	7.46269	6.33843	5.78832	6.48899	6.78214	6.86565	7.56388	6.24154	9.61195	7.87034	7.53251	9.01513	2.9511	8.01057	8.85795	1.15429	9.19452	5.4424	2.51708	4.52563	4.41208	3.86585	3.78076	5.6708	13.29073	9.69502	8.98881	8.44369	6.34108	5.01973	5.9659	5.98734	5.00632	15.64325	16.75995	6.26191	2.42573	6.83759	5.74737	10.3819	10.51183	4.30171	4.58844	8.8784	9.86502	5.68669	1.81634	4.10025	5.35254	5.60564	6.13649	20.99941	5.22281	21.27762	5.53376	22.09052	3.14053	3.95089	5.31913	14.01545	7.68317	4.14111	5.12391	6.8355	2.05369	8.72427	9.22247	6.7079	2.97186	4.79129	4.7543	14.02972	7.42988	7.35393	7.67552	6.67774	7.19754	6.53375	6.60269	6.1292	6.5049	7.40837	7.26943	3.98819	10.32216	5.99615	13.46917	7.09824	8.90587	5.20615	6.59523	6.47494	6.43478	7.81808	6.10397	15.40216	5.36935	4.72349	2.87228	6.27894	10.80278	8.16624	8.47307	9.09863	6.71727	3.68458	5.90307	8.03707	8.55168	4.3968	11.75176	2.84393	5.45923	6.02632	13.18695	4.79887	6.55195	5.65881	8.66049	7.13321	7.88554	7.60824	4.29298	6.22979	9.24593	1.35351	6.4438	9.70928	7.13289	7.61284	6.56289	6.91721	7.50238	3.66157	8.5336	3.58079	5.00889	5.45166	5.96268	9.24455	3.94768	8.7059	4.68782	7.34934	10.85732	6.29219	6.72003	5.03635	3.62135	6.89705	4.25416	6.20011	3.72281	6.59573	4.04997	6.6948	6.5072	6.13584	4.35882	3.09947	8.73557	8.67879	10.11344	3.95715	10.08182	10.45878	2.11544	9.96802	10.03582	26.13807	5.857	8.37024	8.25165	5.05267	3.64343	3.97541	6.57199	10.41617	12.5557	5.68978	9.34027	6.70902	3.73257	9.86964	6.99656	6.27222	9.54731	2.63496	4.43224	6.71885	11.21014	9.54728	5.67707	7.80324	5.60349	5.34377	7.21912	8.79159	4.34694	3.47976	21.1979	12.39411	7.4004	4.01206	3.88455	4.49408	4.15116	7.23178	6.21252	6.81306	7.57319	4.55549
step2_200_2000_5.0_28005.xyz_2	2.61621	3.0144	3.00589	7.38158	7.48984	5.24597	8.75503	5.40117	0.83899	3.64518	3.27863	7.23534	8.34105	6.46739	1.96006	6.06779	5.01457	6.10223	8.23595	3.66122	7.92664	5.00352	5.41367	8.5811	7.6932	8.2239	22.93502	16.54514	15.00914	17.0345	15.57652	3.78415	4.72029	5.3121	1.94056	6.95474	6.71291	9.12922	3.57089	7.96493	10.59254	6.78174	5.56263	4.40041	6.0807	6.06787	5.69816	3.97298	5.07485	1.26997	7.06907	4.99053	7.82499	4.99041	9.89352	8.20637	6.00241	22.44065	7.04247	6.39368	6.88724	9.7191	11.62124	5.16225	7.54402	5.66245	6.9074	5.43843	3.77197	9.22152	8.40769	3.71998	6.80334	4.76421	9.50994	8.98472	4.17812	4.78792	2.95144	6.3038	3.33095	6.18438	3.3503	4.57934	5.0615	5.79457	2.19375	8.01646	5.08316	3.77943	2.22339	8.46504	13.67655	9.54868	6.76471	9.23256	6.53944	5.97205	6.76801	5.93236	6.50268	5.24851	8.03286	6.41751	10.03695	9.61735	7.22311	9.21257	2.09265	8.39385	8.65964	1.35148	9.95774	5.08261	4.68876	4.43938	3.26235	7.2185	3.30007	5.23592	9.776	8.4321	8.90203	8.6488	3.30992	6.20646	7.72864	7.8315	6.5511	15.95072	16.85814	6.09711	3.53658	6.06956	6.52464	11.72298	10.22152	6.06626	4.09186	7.98727	10.19872	5.78302	1.32122	4.06516	5.33485	4.13187	6.34304	21.38014	5.21375	19.22705	5.70693	21.41057	2.77411	3.92708	5.48929	6.53596	8.77077	4.95477	7.22924	7.40676	2.61429	8.89709	8.97525	6.55423	2.28973	3.95906	5.36945	5.7643	8.73645	7.30486	7.26386	6.8395	7.06532	6.73841	6.7777	6.9829	7.53474	7.06015	6.9834	3.30665	6.22565	5.97374	8.58465	7.56002	8.66071	13.83282	6.43781	6.50236	6.17051	7.9352	5.67831	5.53297	5.14745	4.85503	3.32966	5.67677	9.52242	8.17222	12.4306	9.56938	6.44196	4.67102	6.13573	7.49044	8.61567	4.26475	6.72658	1.60537	6.30901	5.82385	7.7105	3.64915	6.06091	5.52449	8.66842	6.01906	8.17442	6.36575	5.59078	5.81161	8.81316	1.99419	6.47877	8.7563	5.23162	8.91292	9.1262	6.3693	8.11916	4.43163	12.62828	3.01749	5.71381	4.84153	5.50412	9.3482	4.80629	10.7309	4.15184	7.06878	9.09089	9.31654	6.6794	3.89336	2.08696	6.60381	3.86785	5.16345	3.93382	7.14651	4.09814	6.96214	3.85461	5.91311	4.43118	2.70848	8.35245	8.69083	10.13831	3.7169	8.66802	8.13045	2.06634	7.64781	9.47032	26.13668	5.71812	9.35561	8.42216	4.85906	2.81824	3.12616	7.33196	11.07479	11.00039	5.67826	9.73201	6.34288	5.61637	3.25598	6.95958	6.62177	7.94413	2.58008	4.84975	7.42398	6.83654	9.32821	6.23906	8.28084	6.20507	5.96547	6.58727	9.23508	5.39501	4.9296	19.86827	12.61936	4.72629	4.19423	3.48693	5.91831	4.98032	5.5098	5.34926	6.91941	5.19243	4.36917
step2_200_2000_5.0_4094.xyz_2	2.42067	3.7977	3.3968	9.80623	6.6552	5.72458	7.82197	5.76688	2.77917	3.62635	2.12906	6.53102	9.03114	5.80943	1.00799	5.5833	4.15962	6.9855	9.27738	3.11378	6.82229	6.23973	4.56181	10.64579	7.86237	8.5258	21.74104	17.58893	16.54812	16.46134	14.92496	3.82769	4.14832	5.11508	1.33168	9.05433	8.60314	5.90243	3.88925	8.32831	10.05411	7.00392	5.50417	5.5533	7.05357	6.08425	5.90548	5.94744	6.77516	1.78965	6.74986	5.42367	6.93662	8.34002	8.74069	8.20284	5.86459	20.81833	5.24554	7.81639	6.29741	8.88693	6.72868	4.83303	7.45893	5.71911	6.34919	5.48954	6.19709	7.07271	8.55311	2.76515	7.13983	5.20669	8.84719	9.90282	4.27521	3.71623	4.07899	6.41381	3.75197	4.55069	3.24351	3.57592	6.91866	5.79739	1.451	7.3651	4.91737	3.49446	4.40867	7.70566	14.24567	8.29297	6.44822	7.43843	6.28007	5.86821	5.91439	6.11546	6.83042	6.41707	7.64836	6.43105	9.66248	7.79591	7.98139	8.55931	2.02331	7.93699	9.10911	1.69549	9.61522	6.12751	4.77142	3.0085	3.71352	4.31563	4.15729	3.2691	10.40213	10.8457	10.71719	9.71344	2.95956	5.42366	7.26604	5.98035	4.46796	15.56257	15.15015	5.71211	3.70744	6.05502	5.69891	10.663	10.39651	5.13402	4.41468	10.48515	8.81921	5.38097	1.61488	4.85323	4.37556	3.74702	6.78897	20.85558	4.74255	18.48347	5.92643	20.76616	3.30748	3.41214	5.42841	7.09408	8.43558	4.64226	3.37258	7.89061	2.99247	8.35862	9.1034	6.76811	3.51768	4.86312	4.44636	5.92519	7.21749	7.59933	7.65752	5.81918	6.0278	6.23059	5.24622	7.20002	7.03416	6.9517	7.67862	4.68696	6.84567	5.70591	5.76236	7.98288	8.50869	7.00807	7.16306	6.5249	6.28149	6.47492	6.6905	8.12907	5.67384	4.65117	3.08095	5.71548	9.6063	8.36128	5.57156	10.24459	6.49926	4.44779	5.48614	7.33021	8.94503	3.83314	6.55973	2.25979	6.45646	6.52211	8.32086	3.08166	6.73383	5.97407	9.31937	6.94893	8.45644	6.71222	4.05838	7.45008	9.02825	2.24107	6.24195	9.45368	5.39	8.18292	5.79076	6.7818	7.87075	3.61026	9.19476	4.01605	5.80436	5.02033	6.61197	8.90247	3.70749	8.76322	5.63745	7.87637	8.59802	9.07075	6.79881	3.66608	4.14931	6.82555	3.74992	6.71427	3.141	5.79322	4.28873	5.95026	6.83093	5.67758	2.86606	2.72913	9.23414	8.97711	10.05416	3.42758	9.22387	8.91421	3.34822	9.91163	9.93562	25.58503	5.16683	9.71343	8.97455	5.4823	3.12385	3.55907	8.04389	10.52978	11.6767	6.11479	8.17103	6.3942	5.30393	3.99673	6.82683	7.35266	8.60022	3.38521	5.22802	7.63263	6.93453	8.41167	6.05076	7.59736	4.64566	6.53467	5.53267	8.9438	4.95724	4.84866	25.72812	12.9385	4.31438	5.49636	4.22006	5.31838	4.34448	4.16197	5.37564	5.93002	5.82662	5.29981
step2_200_2000_5.0_47873.xyz_2	5.09841	4.02704	3.88337	9.8787	6.55741	5.34101	7.82252	6.15377	3.01667	4.395	2.69398	5.01372	15.50662	6.20431	11.96089	7.12224	4.48837	6.48024	8.56565	3.97113	6.98924	6.20184	12.99075	14.80351	7.12482	8.33611	21.1305	16.09237	16.23634	16.29506	15.92381	3.25324	3.80172	4.40157	0.92961	8.01809	8.35341	6.29819	3.8493	8.23092	11.27343	6.95242	5.83424	2.5726	6.03276	5.8643	6.14881	5.0676	5.21824	1.71217	8.35988	5.6688	7.80983	5.5358	7.98618	9.60535	5.37599	20.55823	5.66663	9.36941	5.6775	8.90676	6.62602	5.19413	6.90777	6.02393	6.93619	5.12253	12.92916	6.2913	8.29798	1.08824	7.47861	4.49425	9.73156	10.0735	4.05471	3.51266	4.19591	6.31022	2.64742	5.75923	2.88112	3.55908	6.91672	5.87473	1.56022	7.18038	5.40242	3.2789	3.25815	8.14701	14.08423	9.09293	4.78566	7.5563	7.08148	7.03036	5.61592	5.35756	7.51251	13.17767	7.23249	6.59662	9.84285	9.16596	7.96049	8.14529	3.01599	17.04823	8.59057	1.80255	9.70777	5.12884	4.54751	5.44622	3.72454	4.03265	5.76143	5.59346	9.58036	18.10346	17.58797	16.16406	5.61981	5.73578	6.52981	6.89727	6.39399	14.03341	15.61677	6.10456	4.00388	6.48357	5.55439	9.52404	9.91759	3.7468	4.24782	8.43553	8.3119	5.77062	1.78917	6.03329	4.2806	5.98961	6.60591	19.73198	5.1531	18.90975	5.87689	20.09785	4.34761	3.25502	6.03351	7.19448	8.03158	3.52149	7.62956	7.47736	2.05394	8.95603	9.00944	6.91273	2.1173	3.66551	4.59551	5.54376	7.09054	7.46886	7.30759	6.42775	7.40841	5.44988	6.63995	5.98604	6.6185	6.47661	5.95857	4.85138	7.16215	6.21383	5.96398	7.23041	8.63742	3.84869	7.26518	6.54097	6.25254	7.06509	7.09063	6.34445	5.70839	4.17217	2.80441	6.10576	10.45975	8.51893	6.84972	9.72199	6.98067	5.03326	6.72924	7.0817	8.94948	4.55915	7.20751	9.66731	5.65137	6.99877	9.37562	3.20752	6.33018	6.15893	10.21463	5.11019	8.19962	6.72634	4.43558	7.3968	10.67597	1.99005	6.69089	8.98996	5.40486	8.04294	5.45399	6.61321	7.90376	5.4401	9.76887	3.43451	12.5133	5.38446	7.71634	8.58244	4.75887	8.91414	3.37156	8.17363	5.87833	8.34592	6.9419	3.99756	2.93435	6.88292	3.04392	6.45697	4.41704	6.5181	3.94192	5.85696	6.93059	5.87652	3.37052	3.50837	9.65707	8.05233	9.83325	3.25267	8.20978	9.13003	2.26372	10.68888	9.7659	26.63777	5.86763	9.62026	8.21636	6.63253	5.25148	3.03368	7.062	9.85427	10.41343	5.84707	7.87027	6.29645	2.88557	4.01242	7.00874	7.25526	8.95575	2.02644	8.46449	7.20304	6.16298	8.80877	5.53102	7.64524	11.65772	5.95209	6.00515	9.26191	5.87003	4.92005	22.33532	12.60715	5.50156	5.98506	3.82032	10.65143	5.52489	4.43015	13.41467	6.39759	6.82782	4.22123
step2_200_2000_5.0_77285.xyz_2	4.34667	3.61419	3.35319	9.22639	7.75137	6.32899	8.62915	5.56544	1.59185	4.45467	1.61978	6.24832	8.50612	5.95367	1.76653	5.50492	9.69919	6.18768	8.25454	3.15347	6.59304	14.15953	5.45383	8.94516	7.94919	7.93309	22.28809	15.71426	15.33587	16.68794	16.30567	3.48322	3.9277	4.34938	2.66447	8.85046	8.15872	5.97978	4.51135	8.17172	10.15788	6.53763	5.79207	5.16034	6.17624	6.05287	5.86888	3.59185	5.35385	3.44108	7.12738	5.53829	6.36603	6.69956	13.27092	8.60914	6.49344	20.8658	2.54701	7.97003	7.01171	10.46084	6.47014	5.00475	6.88373	5.86055	6.53217	5.76544	5.43854	4.78469	7.89089	3.23319	7.04468	4.20235	10.7628	10.36202	4.58079	5.92693	4.77145	6.48971	5.09357	5.08393	3.368	3.44585	5.3543	5.96481	3.01256	6.81158	5.2123	2.79317	5.00169	8.60553	17.72141	10.60455	6.81943	9.36992	6.93138	6.63235	6.43145	6.81515	6.3484	6.98813	7.61076	6.37001	8.90568	9.4625	9.54871	8.91243	3.45878	8.38465	8.71778	2.35662	9.53948	5.28819	4.2344	3.202	3.41969	11.42184	6.04642	3.3341	8.99197	8.27137	7.43527	8.93874	3.72493	5.2281	5.93087	6.36019	5.24658	23.93074	17.54787	7.44488	4.23167	5.80554	5.6796	9.78126	9.28923	3.37554	4.51342	6.95645	9.91632	5.67738	3.66264	3.89063	3.99961	4.40874	6.38556	20.92792	5.1824	19.04475	5.81154	20.91154	3.82203	2.65486	5.67628	6.82965	8.36186	5.2245	5.00054	7.96985	2.51709	8.73742	10.24836	7.49706	2.47592	3.34956	4.7008	5.64934	6.70683	7.18801	7.75101	6.99207	6.80191	6.61771	6.74498	6.71346	7.22039	7.6737	7.47021	5.0686	7.18695	6.08434	6.1471	7.34935	8.05052	5.43598	7.16791	6.72655	6.40601	7.92004	6.29112	5.8053	4.97098	4.76415	2.55466	5.48194	9.78136	9.02585	11.45793	8.51446	6.47147	5.47111	5.01139	7.02169	8.4797	3.71843	6.38039	1.23168	6.54854	6.15395	9.22061	3.70257	6.42891	6.2373	7.98525	6.30936	7.98739	6.68935	4.79099	7.24731	9.48006	3.2593	6.19846	9.29755	5.7326	7.95895	6.25769	6.54496	7.51623	3.5099	8.93551	3.23213	5.56612	5.45999	6.99042	8.34625	5.69459	8.84905	4.50808	5.6498	11.3779	7.34915	6.7341	4.44131	3.24099	6.8532	3.38884	6.72192	4.28122	13.57411	4.4023	6.498	6.75783	6.81603	6.11245	4.6613	9.10391	9.16383	10.61373	4.24129	8.50253	10.09479	2.77836	9.50575	10.28966	25.91545	5.82138	8.56247	8.4507	6.05456	3.89761	2.87872	6.9684	10.64432	11.66159	6.35144	9.5405	6.01707	3.7438	4.44968	7.93843	6.28918	9.15857	1.50186	5.8352	7.02703	6.41937	8.64724	5.34353	8.11549	4.67422	6.0489	5.55848	9.58403	2.90267	2.22757	21.65656	12.17822	5.33094	3.82912	2.72977	5.52659	6.58776	4.67153	5.45895	6.06493	6.9898	4.43287
step2_200_2000_5.0_85412.xyz_2	4.24313	4.01751	3.13199	8.2193	7.57832	5.59291	8.72925	5.43326	3.10981	4.35099	2.21561	6.62554	8.89265	5.73548	0.73069	5.76427	4.10686	6.50953	8.61805	2.25208	6.54668	16.68456	8.3923	10.36597	7.59129	8.80055	22.65153	16.29253	15.59052	15.41436	16.48727	2.94124	4.32431	4.42691	1.11175	8.57305	7.60096	11.2744	3.98657	8.13743	10.23155	7.08385	5.69245	8.74767	6.05861	5.89802	6.87225	2.91062	5.54876	2.94815	5.58857	5.75226	7.37946	6.94895	8.44268	6.92265	7.6999	23.38315	6.05972	7.16934	6.34017	10.42688	6.16686	5.19856	7.0564	5.7442	6.63398	6.65743	6.86168	6.82062	9.81149	3.64944	7.26184	4.72614	15.76852	9.56696	4.20207	5.98024	3.35673	7.34007	3.68453	6.04702	3.11586	3.51897	5.63229	5.52522	2.17032	6.52686	5.29705	2.86919	2.65638	8.14962	15.16881	8.66957	6.30218	7.01818	5.7913	6.02706	12.50773	6.04351	7.41533	5.62014	7.55463	7.63637	9.99829	14.77331	7.7591	8.93964	2.74071	12.20379	8.22704	1.79483	9.25062	5.39762	7.01458	3.02289	3.33699	13.52678	6.54312	3.13403	8.82931	9.45466	9.41938	8.9311	2.10685	4.89505	7.09692	7.58584	5.4766	16.65048	17.77916	5.92342	2.52542	5.66631	5.71798	9.82985	9.4226	1.9911	4.32637	8.35219	9.40459	5.44871	1.62409	4.44477	4.29484	3.25991	6.48494	20.32144	6.01762	19.45069	6.06673	20.39425	3.63056	2.92998	5.39154	6.60396	7.12002	5.24652	6.93214	6.2281	2.97566	8.74112	8.65453	6.86737	2.80715	5.14194	4.07941	4.99774	7.30528	7.12432	7.86752	6.56933	10.33978	6.16016	6.5988	6.57391	7.14711	7.17115	6.78936	4.32486	6.94971	6.06365	6.60615	7.58661	8.36588	5.95439	6.99122	6.44613	6.41172	7.75281	6.11685	5.87464	4.96209	5.49281	2.6667	6.09255	10.01466	9.37367	5.13071	10.10801	7.45921	5.46873	5.69458	7.93161	9.14506	2.56758	6.75101	2.98154	6.3353	5.74462	9.13227	4.97692	6.36628	5.98094	8.95052	6.51981	8.57266	7.29527	4.71269	5.143	7.88459	1.74467	6.33285	7.67852	5.41998	7.54618	5.21414	6.7561	7.49137	3.99057	7.3894	5.34801	5.19064	4.92762	7.56657	8.89776	4.93611	14.66068	13.84397	6.75397	8.24841	8.96699	15.86797	2.73584	3.07583	6.36556	3.19263	6.05449	3.46351	6.01955	4.35522	7.50772	6.21733	6.2844	2.72951	5.58743	9.25856	8.95225	10.89339	3.7535	9.96681	9.78307	2.63814	8.66596	10.11663	24.48898	5.39419	9.59646	7.35255	5.61876	3.23307	2.90479	7.9002	14.07942	10.53389	5.86086	9.01159	6.05116	3.5168	3.84718	7.99059	7.0836	9.16974	2.11498	4.23076	7.19055	6.34938	8.87554	6.29462	8.13822	12.57597	5.90846	6.20897	9.67437	3.6981	3.05009	20.67294	13.50841	5.35725	5.1912	2.97507	5.30168	7.79836	5.2509	5.50736	13.42501	15.35631	5.07025
step2_200_2000_5.0_86398.xyz_2	4.39654	3.64247	3.75207	8.25908	6.62106	5.81924	7.587	6.00747	3.12009	3.66317	2.24673	5.77289	9.46498	6.06027	2.12789	8.6733	3.10132	6.56913	10.00574	2.68513	7.58587	5.81553	4.68256	9.07639	7.76584	8.33953	22.47372	16.26353	15.84485	16.09957	15.82964	3.87064	4.44344	3.97753	3.97036	8.60764	6.44019	8.02333	5.77748	8.09029	10.00586	7.16714	6.15544	3.29606	6.0724	7.41506	7.46034	3.88004	5.44579	3.61681	5.698	5.79474	7.29396	5.37436	7.99047	6.65716	5.73013	21.42217	3.57116	8.39191	6.11934	10.622	7.09127	5.27678	6.48009	6.16952	6.4607	7.64791	4.56523	6.15074	6.48846	3.48117	6.15891	5.06023	8.86872	9.40558	3.92107	4.53215	5.20162	7.03319	5.73658	5.26769	3.38558	4.56585	6.18749	6.80139	1.35468	5.45728	5.42776	2.54202	5.34397	7.91469	17.95265	9.72849	7.17456	9.33164	6.49812	6.46129	5.9485	6.14641	7.27108	6.60926	6.02837	6.81706	9.44664	8.60689	9.36801	7.64173	3.0258	7.3088	8.68995	1.70819	10.83221	7.26456	4.4377	1.65642	4.48512	4.91742	5.93054	5.22395	9.48934	10.79933	10.74106	9.95926	5.35555	4.96593	8.04685	9.59312	5.94054	16.65183	16.82412	6.04006	4.66333	12.11388	5.77624	9.93381	10.63815	3.75643	8.51095	8.22778	9.37575	5.49038	1.10178	4.24788	12.73985	5.57598	6.29168	20.01432	5.46044	18.9173	6.21228	21.33829	3.37946	7.20646	5.83282	6.08981	8.76887	4.2388	7.32978	6.9938	2.84358	8.33227	10.54323	6.69859	1.94387	4.23378	5.72828	5.59461	6.58887	6.91097	7.8026	6.54029	6.27071	6.13002	6.40431	5.90097	6.39182	7.13229	8.11418	4.9734	7.62899	5.94176	6.24963	7.20627	8.09343	4.02694	18.51513	5.91916	6.09925	7.32922	6.70237	5.56656	4.93344	4.58251	4.28022	7.10776	9.78565	8.52537	6.32691	9.53295	6.65909	5.03273	5.05489	6.74991	8.17441	4.87353	7.08241	2.68983	5.96458	5.83845	9.01429	4.1237	6.35877	6.15149	8.9579	7.21668	8.06023	7.4827	3.53854	7.02143	8.74405	14.08811	6.08666	8.26105	6.45317	7.74924	7.12133	5.06423	7.57923	4.31294	9.33614	2.68117	11.23422	5.13628	5.91308	9.71952	5.75216	9.92941	4.12421	6.89562	10.38951	8.08613	4.92047	4.02558	5.19961	7.22785	4.32313	4.73659	3.8054	6.05216	3.46816	5.7602	7.08171	6.99983	3.39012	2.27374	9.61835	9.06119	12.30162	5.17105	8.46476	9.58086	2.64175	10.32614	10.0607	24.40872	5.17532	9.2285	7.37985	4.85552	3.73038	3.93262	5.32463	10.78625	10.07005	6.08909	9.5812	5.7148	3.60959	2.94925	7.50841	7.54237	9.33902	2.16319	6.65148	7.50994	12.96767	9.31458	5.84054	7.06697	5.21539	6.30711	5.77786	9.09065	4.75846	4.3633	24.52923	12.34791	5.61239	4.31326	4.3779	4.70683	5.78581	3.21168	5.89222	6.14766	5.67966	5.00997
step2_200_2000_5.0_86498.xyz_2	2.21833	3.60731	3.53548	7.54099	14.86365	5.49004	8.60394	5.94788	2.08272	4.90293	2.64845	6.80968	8.50274	6.28881	1.24664	6.79684	4.56172	6.54231	8.91324	3.9592	6.46694	5.60899	6.30882	8.14437	7.48282	8.3601	23.16874	17.08393	16.71676	18.11923	15.75347	4.16947	4.29276	3.14781	1.56805	8.24726	7.39552	6.58356	3.8805	7.58464	9.85619	6.00972	5.37503	2.22962	5.25561	6.12455	6.36224	3.95325	4.72455	2.09884	6.46354	5.83156	6.63971	5.91523	7.54964	8.35554	5.37188	22.53948	6.44002	9.89639	5.61992	9.97886	6.43467	4.93662	6.67165	6.50069	6.46026	5.5687	5.64583	5.80593	10.72702	1.21607	7.25314	5.54343	9.01752	8.57887	3.45863	4.25598	3.89919	6.49383	3.37232	5.51286	3.56101	3.92204	6.40652	13.59532	2.36656	6.74818	4.8798	3.55612	2.56722	8.72604	14.06585	8.96312	6.40026	7.25563	5.80184	6.15856	6.22987	6.28884	6.67512	7.20047	6.60556	6.8083	8.828	7.59559	7.55608	8.4569	2.15957	7.84519	8.31712	1.00981	9.4433	5.09726	3.35276	1.18539	2.24198	4.45448	4.14489	5.82765	9.99904	10.05097	9.47263	8.4816	3.26662	5.22788	6.75603	5.95979	5.68732	16.10887	17.1756	6.13168	1.96474	6.23257	5.69242	9.64995	10.96318	2.35976	3.59647	8.09449	10.99314	6.51725	1.40173	3.96675	3.66032	4.60129	7.00437	20.24055	5.9464	20.088	6.31613	20.04503	4.16845	3.28842	5.67445	6.09924	8.48603	4.66362	5.74295	9.14315	3.77077	8.34659	10.17628	7.20115	3.1425	4.88109	4.69633	5.52762	8.32354	6.72846	7.85863	6.29872	6.63801	5.90484	7.17031	6.78241	7.10234	6.86102	6.67989	4.53866	6.83112	5.83555	5.67599	6.95692	8.4851	5.64982	18.30452	6.70769	6.4731	7.43096	5.82765	5.98864	5.9346	4.59337	3.17589	6.87399	10.35841	8.67249	6.53699	9.29349	6.69402	4.92401	6.16811	7.00848	8.75055	3.85524	6.9006	2.29231	5.7474	5.87832	9.96078	3.41161	6.14882	6.16951	8.94228	5.56732	8.06608	6.21792	3.84089	6.87275	8.0879	1.95032	5.43359	8.44663	5.38442	8.13169	6.26787	6.69966	7.87971	4.10157	8.01424	3.12356	5.53005	4.70423	6.92705	9.05859	3.80249	10.27215	3.56601	5.74811	8.75451	8.10491	6.55082	3.44805	1.86362	7.0676	3.03196	6.83213	3.97957	6.61497	3.67166	5.42603	6.84824	5.81605	3.42619	2.07575	8.53725	8.93119	9.41687	5.52769	8.47975	9.35763	1.54748	8.91426	9.47484	25.13845	5.43939	8.63369	8.34083	4.91597	4.08034	3.25279	7.08009	10.90787	10.88138	6.83106	8.39478	5.76147	4.36123	5.15802	7.01527	6.87533	9.13191	2.67813	4.90625	6.53048	7.11583	7.86949	6.41779	7.47367	5.87962	6.5359	5.6736	9.09336	3.09805	4.8793	27.43252	12.57347	3.50857	3.78955	3.4158	4.98545	4.83715	5.56619	5.31331	6.37229	6.87472	5.37393
complex_3	5.57533	5.232	3.84762	6.91046	6.88014	6.45047	5.6484	7.19919	6.67897	5.74239	3.63088	8.45903	10.10398	7.73416	7.78424	6.0758	3.74932	6.54209	3.16419	3.51409	8.88307	6.03212	8.94571	6.06364	8.05549	5.91642	17.21669	21.56076	19.58337	19.65858	17.7768	5.08732	3.2886	3.8691	3.56011	9.58207	8.72628	9.08909	3.50495	5.88413	3.52963	8.70977	0.82721	2.29286	6.02304	2.52256	4.47006	4.53757	4.71018	0.75741	3.87087	5.23319	4.04059	9.51146	10.17843	8.11384	9.02217	16.36839	6.21553	4.58598	8.95856	9.73677	1.38447	5.16219	3.91992	1.67782	7.00774	5.61238	5.07708	8.27869	10.04512	10.58869	7.25487	5.06064	7.22776	9.41592	7.11072	6.85447	7.56668	4.25819	5.02512	5.66953	4.19923	5.76021	6.11829	2.28129	6.06177	6.47529	7.55883	2.37942	9.0211	4.16754	16.8961	7.15493	5.91566	10.04775	7.69126	6.51656	7.72664	4.90188	8.76863	9.13751	10.77494	8.39053	6.71703	6.8354	4.15162	7.98129	1.17953	7.53214	6.01675	6.72853	7.43054	5.3431	5.0274	3.35917	8.11651	4.31459	6.17074	6.26362	8.95964	9.01062	8.5582	6.40168	5.27112	4.37942	8.50545	6.41902	8.77622	16.58532	16.73995	6.42119	2.96464	2.52157	1.48935	9.61816	2.86101	9.13437	1.09611	8.33568	9.30164	6.92128	2.25013	8.45044	5.82761	4.08705	8.85517	20.10689	5.18512	20.31484	5.63032	19.02977	8.53296	3.78374	0.77896	5.84815	6.11829	6.25202	10.51459	3.76179	6.08449	7.08293	9.24174	7.61279	0.98896	6.8032	1.60069	1.69677	4.57952	7.72485	6.7314	4.60326	4.86858	9.64415	7.42325	7.25497	7.88472	5.89655	10.01765	7.37951	6.21945	3.56857	6.154	7.0796	8.53042	7.36972	6.23909	6.71543	8.45714	3.11754	6.26089	5.80257	5.71294	5.93399	2.50689	6.85763	5.13981	5.07861	10.34804	7.41314	5.96908	9.18724	6.76754	9.17717	1.27647	1.36662	6.29873	8.94081	6.21026	7.39672	8.43663	7.06985	7.70489	7.43807	9.25652	4.53685	4.34652	9.726	6.27659	7.98313	10.74124	6.61826	5.07625	8.5991	4.28598	1.47378	5.85216	6.48524	5.17708	4.30835	8.8646	2.35833	7.68104	6.47037	5.73524	9.39893	4.48224	4.40401	5.70369	7.14022	4.7186	9.14855	5.49936	4.56874	9.14235	5.6099	8.44232	5.03882	3.5027	6.08483	4.34064	4.02267	2.76399	1.27107	3.8855	5.8277	7.92002	9.20035	8.96341	4.89337	9.85604	5.30324	8.80739	8.97089	7.5122	24.19728	6.07927	6.02083	7.92137	6.60874	2.64059	3.83641	7.30456	9.02253	10.71393	8.03522	10.33295	1.35871	5.06065	4.70221	6.85587	7.24331	9.07736	4.23598	4.60616	6.17124	2.28654	7.5948	11.4012	2.01383	4.31359	6.13578	0.76079	8.70924	6.01001	5.38362	18.7041	7.63038	11.89774	6.32106	3.22279	6.40826	0.94985	6.1423	6.84469	7.13753	6.92627	6.02277
step1_200.xyz_3	5.71308	5.20738	3.87938	7.0106	6.77083	6.43969	5.63901	7.08995	6.70007	5.71806	3.56801	8.34844	10.09186	7.68468	7.71948	6.10064	3.82882	6.48726	3.16197	3.44143	8.83832	6.20317	8.78738	6.07237	8.03448	6.02376	17.05726	21.63014	19.75197	19.90422	17.4898	5.12707	3.22798	3.90211	3.48028	9.43691	8.60786	9.06593	3.44462	5.8173	3.46062	8.74302	0.85326	1.82711	5.9534	2.45378	4.46363	4.58832	4.74488	0.7091	3.81897	5.2858	3.99298	9.64115	10.20789	8.11416	9.11468	16.07609	5.89161	4.42059	8.93204	9.89544	1.3035	5.06743	3.86042	1.73739	7.1169	5.70441	5.09464	8.295	9.9748	10.36086	7.19723	5.13881	7.20822	9.42102	7.07112	6.80137	7.61439	4.12575	4.94559	5.7616	4.14831	5.82032	6.13089	0.61894	6.08397	6.41906	7.69771	2.36125	9.04142	4.05053	16.65961	7.07964	5.79838	9.94505	7.50348	6.63193	7.63329	4.84232	8.72337	9.12552	10.90431	8.42213	6.78259	6.92137	4.10767	8.0314	1.18946	7.56706	6.17463	6.86731	7.46085	5.44814	4.76268	3.29587	8.14861	4.29345	5.9413	6.29562	9.03268	9.043	8.54948	6.34216	5.16211	4.4142	8.51433	6.30213	8.8958	16.57373	16.43317	6.40548	3.01276	2.4239	1.38597	9.75413	2.96422	9.27289	1.07108	8.3749	9.37349	7.01687	2.37542	8.46371	5.90356	4.03804	8.86122	20.14804	5.22468	20.23233	5.57386	18.96547	8.72797	3.81528	0.89642	5.87351	6.0398	6.08267	10.48371	3.75675	6.16611	7.1245	9.09643	7.73033	0.88564	6.76316	1.62789	1.71148	4.38203	7.65659	6.65051	4.51232	4.8169	9.71569	7.44122	7.30026	7.85767	5.9773	9.96289	7.37307	6.14529	3.47066	6.05698	6.97171	8.37507	7.34334	6.30242	6.68319	8.42604	3.23182	6.15241	5.74102	5.79382	5.99673	2.48078	6.98474	5.17089	5.03112	10.45026	7.47085	5.91615	9.16659	6.80239	9.1001	1.21742	1.2784	6.24591	8.86654	6.18514	7.29327	8.49235	7.05454	7.68785	7.38648	9.2337	4.60185	4.25991	9.60044	6.41756	8.02327	10.73636	6.56231	5.02023	8.59913	4.23568	1.43528	5.75012	6.55866	5.03681	4.26426	8.79067	2.27065	7.79818	6.47605	5.7701	9.41409	4.44987	4.43511	5.75246	7.21707	4.65754	9.1928	5.51811	4.44641	9.16762	5.6214	8.47244	5.0271	3.55776	6.09889	4.3261	3.91549	2.88919	1.21017	3.83509	5.93974	7.93646	9.22474	8.94134	4.89011	9.97366	5.34426	8.88223	9.06496	7.61674	24.28723	6.11541	6.04471	7.84579	6.72643	2.69868	3.84478	7.19776	8.99264	10.78951	7.92337	10.48829	1.35661	4.91069	4.65558	6.88888	7.27661	9.03643	4.20149	4.72364	6.31607	2.28836	7.44573	11.39072	1.84768	4.27945	6.18347	0.88908	8.88637	5.66595	5.46149	18.8851	7.2743	11.74917	6.41382	2.94593	6.34691	1.21492	6.14192	6.71897	7.16957	7.02709	5.92501
step2_200_2000_5.0_16930.xyz_3	5.77626	5.41912	12.88745	7.37745	6.67763	6.52445	12.51273	5.85404	6.45417	5.68592	3.33927	7.19937	9.2486	7.10176	7.12109	6.51827	4.08843	7.28805	3.49374	4.09325	16.66827	6.92599	8.17842	5.83151	6.38173	6.94494	15.89179	21.33436	20.32221	19.77544	17.84996	5.76754	2.71973	4.12309	3.9249	9.77562	7.9925	10.19935	3.32435	5.69398	2.6714	8.19115	0.65336	1.67842	6.07563	2.40163	4.05188	5.36706	5.30259	0.93764	3.74209	5.33121	4.15214	9.30249	19.59736	8.53686	9.10456	15.5534	6.2485	4.05228	9.14004	19.34926	2.0694	4.50516	3.50427	1.94522	7.18232	5.9264	5.07153	7.65879	9.16884	9.82234	7.05083	4.20548	7.44217	9.63355	6.79481	6.28036	6.93054	3.72438	5.47924	6.0052	4.62249	6.57664	5.9341	0.74164	6.10806	6.28405	8.80124	2.04258	9.63016	2.10239	16.81157	7.57733	5.98405	9.63447	8.03736	6.65516	7.30681	5.04073	8.60391	8.47933	11.73263	8.17955	7.50969	16.55618	4.72964	8.19045	1.2501	7.44933	6.09779	6.1606	7.62348	4.95167	4.17766	3.19695	8.19763	5.0068	4.8874	5.43064	8.3286	8.90129	9.26516	7.43009	8.46672	6.10171	9.6319	15.83608	8.64239	16.26579	15.32582	6.23091	3.44028	3.44649	3.15138	9.43955	3.24382	8.59942	1.66444	8.37822	8.74816	5.90622	1.48827	7.07628	11.00785	3.7648	8.52988	20.92856	5.21373	20.55054	6.46706	22.71818	9.33858	3.42119	0.94007	4.07608	5.61791	5.0176	10.47223	6.18962	6.38051	7.00052	10.87401	7.59588	1.91217	7.19006	2.36291	2.29787	3.92059	7.13685	6.86866	4.82386	5.06961	9.93081	7.57647	7.39678	7.7641	4.92679	8.77381	7.60547	6.28987	3.24981	5.69454	6.6031	8.69051	7.26159	5.30882	6.56257	8.69645	5.89299	5.82676	6.2966	5.90837	5.54482	4.99628	7.24084	4.93287	5.89364	10.54131	8.04662	6.37154	9.27185	7.14383	22.6876	1.23623	1.1847	5.96062	7.79027	6.29007	7.80304	8.82698	6.4007	6.9604	7.97718	9.83176	3.43405	3.58365	8.7527	6.5341	7.48452	10.85604	6.82894	4.99679	7.61986	4.51412	1.3881	5.04792	6.65625	4.19866	3.39025	9.02322	2.31292	6.97822	5.27372	5.67439	8.86751	4.48659	6.23185	7.01079	6.82231	5.49776	8.93677	5.79945	4.19502	8.57076	13.72697	8.51732	5.58049	3.61441	6.92017	4.58651	1.20723	3.81345	2.84398	2.64164	5.84308	7.58411	9.0417	8.97818	5.38241	9.66769	5.03216	7.88761	10.56909	7.55448	24.19497	6.92896	6.70258	7.8111	5.49706	2.27498	4.31439	5.96626	8.58556	11.74257	7.64297	11.28978	1.88118	3.72799	3.81833	5.78468	6.43696	8.75218	1.50591	4.49046	6.98225	2.99326	6.4867	11.63477	1.66681	5.24564	6.23444	1.52396	9.18256	4.20455	4.62747	19.14867	6.57875	12.90583	5.04352	3.57317	6.69488	1.65237	5.85614	5.85777	7.00602	11.92558	6.59289
step2_200_2000_5.0_2177.xyz_3	6.01022	9.30907	4.84038	7.41802	7.19884	7.54663	4.72685	5.15705	7.73527	6.39396	3.70081	7.76548	8.74628	8.98486	9.0272	6.24253	3.80661	6.87778	3.33492	14.01341	7.14046	6.25988	7.64341	5.97902	7.52936	4.78085	13.63364	20.91814	21.18968	21.02118	17.60735	11.58406	3.29432	2.51069	2.47722	9.54826	8.55346	9.48782	14.50936	6.04545	3.17497	7.76893	2.06796	2.43246	5.80044	2.52602	4.18244	4.25542	4.10688	1.25866	3.72419	5.36071	4.30299	8.96527	9.60807	8.48403	7.70561	15.74346	6.38864	5.98752	8.8684	9.39961	2.03184	4.73381	4.89379	12.94124	7.00141	6.77369	4.92492	7.17618	9.69984	9.55157	7.24935	5.90085	7.21651	10.16927	7.76033	5.81266	6.13167	4.49729	14.61732	5.79299	3.96979	6.00918	6.16314	3.9981	5.87855	21.44091	7.89016	2.41551	8.684	3.16173	16.54456	6.5186	6.53925	10.91616	6.24799	6.82248	7.0155	4.81492	7.1962	7.39152	10.99819	8.05598	5.58857	7.53649	5.00115	8.09742	1.31354	7.69299	7.18098	6.85159	7.83182	4.87507	8.65741	3.13976	8.06521	6.05602	5.57469	3.76117	8.46976	7.61709	10.20966	6.35476	4.88895	6.01283	9.13016	7.60894	9.28857	16.5782	15.455	6.42004	2.45632	3.1631	3.28774	8.90734	2.32909	8.25039	1.92135	8.34675	9.65393	7.04489	2.10175	8.29642	5.86642	5.45352	11.21796	21.22241	15.91265	22.67816	5.84221	18.84031	7.7977	4.10087	2.11225	11.18874	6.78864	6.19668	10.17572	2.71814	6.30869	17.96617	8.27957	7.54432	1.18483	7.51015	2.10952	11.61298	3.60712	7.13835	6.93291	4.55856	4.94541	16.06771	7.08007	7.13334	6.80034	5.22881	10.41219	14.24416	6.28194	3.50192	9.6027	6.29228	8.29424	7.74688	6.74823	7.03573	7.92497	4.17239	6.44411	5.61474	5.27929	5.63203	4.37305	7.28585	6.7253	5.15601	9.28786	7.27482	5.956	9.02197	7.4281	9.2126	8.16578	0.98631	5.44295	8.98472	6.47671	6.46636	7.70237	6.54346	8.19976	7.41632	9.79056	4.86453	3.45781	8.73737	5.97113	6.88042	10.80867	6.74035	5.44504	8.42278	3.40224	3.37137	5.41599	6.21061	4.34453	4.67033	8.26153	2.55629	7.40296	6.40285	5.22828	7.82536	3.21287	17.233	6.775	7.29961	4.46019	9.32704	5.68398	4.0151	9.54017	5.5962	8.87103	5.37134	9.40851	6.22726	5.47634	2.59088	4.23361	1.92523	3.70115	5.89698	9.75608	9.17874	9.75563	5.35699	15.11047	5.82994	8.03915	8.95845	8.32024	24.13446	4.53875	7.01464	7.35223	5.75146	2.7162	4.27462	6.55352	8.84091	10.77225	7.88503	12.45037	4.36862	5.54428	4.16515	8.16373	6.07566	9.11115	4.86768	5.07102	6.09237	8.7762	8.86132	11.2258	1.44399	5.69667	6.4154	1.28175	14.63316	4.68904	5.62832	19.15519	6.71685	10.95075	6.93116	5.6219	6.30785	4.01897	5.84563	5.56193	6.49981	6.51038	5.19934
step2_200_2000_5.0_27766.xyz_3	5.84682	6.18636	4.00801	7.1105	7.27987	6.8219	6.08628	7.97329	6.8426	6.22892	3.63742	11.09135	10.03316	7.9048	7.74843	7.18325	3.97472	6.5918	3.44124	4.12399	9.21176	6.56358	8.88303	6.78458	8.07131	4.59179	16.32429	22.8757	21.35873		18.04228	6.13015	3.26806	6.23808	3.65396	9.32059	7.30913	11.80645	3.07721	6.04246	4.40422	7.95453	3.46651	2.72497	5.0794	3.22127	4.12017	4.51276	5.86587	2.09498	3.64166	5.46836	4.41275	10.81765	8.62583	7.11329	7.1002	15.97464	4.49639	3.85153	8.22429	11.36732	3.03633	5.47637	3.12494	1.94754	7.13273	6.06078	5.92392	8.54294	9.42235	9.18909	5.87307	5.26784	7.31841	8.97517	6.8865	5.99432	7.55237	6.10488	4.56445	5.89257	6.95156	6.31846	5.86234	2.24438	7.02447	5.9472	7.18757	1.72342	8.94072	4.22892	16.45022	7.26414	5.84387	9.6104	6.90488	6.51626	7.86746	4.40131	8.86118	8.95003	10.14811	8.67914	7.26099	6.32946	4.39581	8.32196	1.11819	7.78674	5.93084	6.90875	7.00003	5.48013	4.42024	3.88332	8.31282	4.28807	6.07511	5.17069	8.47311	9.1102	8.78837	6.65309	6.19803	5.67555	7.94233	6.01074	10.23672	16.2265	15.88339	6.27299	1.95975	2.58767	3.71739	9.98876	3.66269	9.36078	1.76169	13.29967	9.95288	7.09312	4.32177	8.51203	5.93941	3.71457	8.59978	22.4932	5.15331	23.59394	6.06545	22.40971	8.33067	3.82853	1.07076	4.78225	7.04088	5.53687	17.83304	4.77874	6.14734	7.55276	9.60502	7.38944	0.78881	5.88693	1.55642	2.0275	4.44962	7.34704	6.33069	5.45296	5.36395	9.79716	7.07341	7.20087	7.87267	5.98567	10.23419	7.73368	6.38415	2.67754	12.60917	6.59291	8.90288	7.26779	5.75491	6.59397	8.21044	4.87096	6.37395	5.96646	5.663	6.02031	3.10355	6.73541	4.81895	5.09979	10.11999	7.60792	6.15978	9.37821	14.74441	9.8142	0.93647	1.38613	6.15609	8.42346	6.78651	6.36946	9.78867	7.22556	7.65673	7.32692	9.46025	6.00651	3.96397	10.11188	6.72332	6.98785	10.53146	6.46891	5.87981	7.82464	4.08602	1.36182	6.05988	6.86494	2.54482	4.46152	9.62801	2.58475	7.73972	7.61318	4.94141	8.36426	5.03606	3.29827	6.25808	7.26527	3.58417	8.72665	5.99672	3.73648	8.90417	6.11728	8.70202	5.79198	3.0192	6.67622	5.76138	3.12943	5.50162	2.37823	2.6246	6.18288	7.24033	8.99145	8.47003	5.3346	9.82063	5.10688	8.75606	9.23873	6.91922	24.74332	5.92348	6.83293	6.9985	5.69756		4.28601	6.54259	9.09099	11.024	9.33611	9.75601	5.48582	5.6964	3.75593	5.05771	6.01226	16.70773	4.95799	3.01198	6.5095	13.23816	6.69531	11.11879	4.19209	4.50671	7.46668	3.45051	14.593	4.40114	4.20255	20.43823	5.65938	11.57499	4.30964	3.64061	6.53636	5.07918	7.12873	7.28673	6.82656	7.22329	6.10931
step2_200_2000_5.0_28005.xyz_3	5.9749	5.61637	4.32748	6.6264	6.48593	6.90136	5.57019	5.98034	6.00567	5.7098	12.39265	7.94042	10.61061	8.77966	9.21609	6.4302	4.01633	11.96188	3.22485	3.63129	9.22615	6.69221	8.369	7.34483	7.63294	3.78418	15.76738	20.80287	20.62316	20.97394	18.18318	5.15546	3.65546	4.59516	3.52933	9.12117	7.33708	9.30775	2.83162	5.57593	4.08506	9.32579	1.64047	6.01632	5.95621	3.22783	4.20755	5.02192	5.28397	1.14679	3.46405	5.24139	4.30335	9.6178	9.29057	9.72427	8.15152	15.71684	6.27074	5.15011	9.37962	10.45346	2.02262	12.63916	4.36284	1.69542	7.26194	5.94812	5.54678	8.39634	9.34416	9.96688	6.98192	4.8336	7.63218	9.76297	7.88387	6.04706	6.93285	4.33143	5.14271	5.67002	4.79197	6.58671	7.73884	1.45491	6.38065	7.38518	7.7107	2.79933	8.64914	2.3911	17.83166	7.2003	6.01902	9.48879	7.23788	6.13843	6.28563	5.03595	7.84221	9.33886	9.91152	7.97053	6.10409	7.95735	3.89912	7.08515	1.29136	7.46106	5.20159	6.46385	6.98119	5.38824	3.2081	3.38814	8.13177	2.95166	5.68956	6.80639	7.44401	7.78648	8.04543	7.7867	4.00356	5.46502	8.98295	7.73644	9.9449	17.32021	15.8864	5.73145	3.77771	3.22603	1.963	10.75923	6.42297	8.70978	2.11429	8.28097	9.45555	6.47562	11.56103	9.58225	5.81778	3.76869	9.35245	21.58589	4.68699	21.35831	5.20495	19.29436	8.10851	4.1915	2.63441	5.96387	6.30606	6.86793	10.21434	4.95798	6.75311	7.40141	9.2952	8.1719	1.37215	6.50683	1.94691	1.33715	4.67774	7.26508	6.94544	3.84836	5.00353	10.0998	7.55772	7.52698	7.85467	5.98178	9.94155	7.40666	6.12778	3.44271	5.38273	6.93584	8.66994	8.06934	7.13431	5.86137	8.9544	2.27256	5.3008	5.44486	5.86832	5.40127	3.36434	6.21746	6.10076	5.47869	10.72861	7.4424	5.73858	9.47734	7.39398	9.18854	1.43595	1.22831	6.24684	9.94184	6.43668	7.59085	8.81684	6.36917	7.60933	6.80062	9.06968	5.01165	4.31249	8.00323	6.35405	7.76723	10.06421	7.10832	11.04639	9.33557	5.08085	2.92576	7.47066	6.44925	14.74276	4.65557	9.12459	2.18345	6.27789	6.67445	13.53667	8.69978	4.13126	5.03007	5.30277	6.4971	5.07622	9.71437	6.37259	4.87004	8.62288	6.15648	7.97769	5.07979	3.18262	6.51679	5.14065	3.96174	3.47556	2.99056	2.55239	6.02026	8.16303	8.55264	10.40989	4.63273	10.81693	5.78424	8.55825	8.63532	7.52569	25.22767	5.81547	6.55032	6.78385	5.53816	2.32234	4.13367	7.12745	9.00802	10.74726	7.39168	12.14221	3.2358	4.00467	3.34149	8.38287	7.11837	11.75099	3.7161	4.42873	6.11454	3.68464	9.10193	11.19593	1.51855	5.14764	6.63934	2.61091	8.88886	4.85182	4.44716	19.14795	8.11011	11.51157	5.35896	3.43091	6.31158	5.29793	6.26138	6.87298	7.13385	6.47803	5.8375
step2_200_2000_5.0_4094.xyz_3	5.63015	5.05044	3.90908	6.52574	6.68276	6.71694	4.83428	7.15768	6.35332	5.27015	3.17638	7.53603	9.92471	9.14302	8.98796	6.5974	2.7702	6.2799	3.6826	3.58559	8.21346	5.6105	7.52233	6.53306	8.97902	4.13926	15.40355	20.65708	20.61636	20.04152	16.40223	5.24375	3.17177	3.38295	3.67117	8.91104	7.48224	10.49689	3.11355	16.80407	4.50959	8.16812	2.14404	2.35759	5.74654	2.97495	4.01424	4.03708	4.65158	1.52326	3.25754	5.51494	3.97081	9.92683	11.02754	8.86066	8.23827	14.77085	7.99449	4.36348	9.6277	10.54218	1.62429	4.63065	4.3971	2.18848	7.33652	6.01678	4.70072	8.27068	9.0868	10.29548	7.03853	6.21775	7.12352	8.52549	6.50907	6.38475	7.87526	3.32501	5.77164	5.14409	4.23847	5.77194	5.85929	1.46398	6.30509	6.55661	8.51873	2.37443	8.1343	3.15349	14.43642	7.62793	5.98179	9.15752	6.31842	5.86088	7.02006	5.94233	7.8848	9.21003	10.21089	8.24526	6.32156	7.22219	4.07551	8.37157	1.3611	7.88691	6.68111	7.36363	7.62751	5.27133	5.01705	3.29981	8.19203	4.89215	7.9369	7.49593	9.73163	9.53838	8.03518	7.43916	6.06061	4.68417	10.11846	7.36418	9.23393	16.37741	14.90195	6.78297	2.98504	1.11663	2.74582	9.61385	3.99242	10.31647	1.35058	8.41693	8.84902	6.64784	4.09507	7.34338	6.01273	3.99259	8.57706	22.30637	4.98345	20.77042	5.43996	18.98324	9.35064	3.47367	1.63867	7.01081	6.79162	6.04883	11.41767	5.05383	6.1253	7.26519	9.1367	7.49754	1.63184	7.04632	2.62139	2.18557	5.18276	8.34572	6.77734	4.66257	5.62224	9.63463	7.5999	7.67378	8.62686	7.2051	10.85832	7.37849	6.18487	3.80507	5.98726	7.21504	8.4065	7.77896	8.43564	6.88079	8.43164	4.80931	5.85809	7.01584	5.69263	5.36305	3.07439	6.34794	5.75884	5.65574	10.71973	7.91579	6.01227	8.83261	6.96334	8.87535	2.11808	1.62949	5.95464	9.71082	6.26425	6.88163	8.77876	6.51044	7.93182	7.17602	9.10606	4.46636	3.68211	10.48727	6.4073	7.89042	10.04676	7.09865	5.81058	9.42897	4.72227	2.51963	4.9382	6.77244	4.05921	3.83443	8.0214	2.29892	8.19614	6.44627	5.18869	8.63604	3.57934	4.03961	6.17542	6.59056	5.13814	8.93701	6.29471	3.82443	7.58308	6.52573	8.37207	5.71946	3.75283	6.6974	5.17984	4.80716	3.72619	3.41125	4.92587	5.83175	6.50463	9.04159	9.32669	5.34803	10.38537	5.92166	6.6863	9.34791	7.84425	24.51702	6.7166	7.64265	8.22126	6.52469	3.61392	4.14912	7.64992	8.83047	10.57386	7.49593	10.55103	1.73861	4.17602	5.138	5.36432	7.65043	8.52332	4.42936	10.66291	6.2405	2.6201	8.33368	11.0416	2.01452	4.91862	7.26319	1.08734	9.2784	5.05845	3.26264	18.76527	7.61565	11.43088	6.7238	4.04266	6.88665	1.98801	7.23822	6.70089	6.98677	5.68726	6.41798
step2_200_2000_5.0_47873.xyz_3	5.90277	5.30588	3.79966	6.24815	6.69177	6.2124	5.62347	6.01422	6.99246	6.32746	3.52693	8.62892	10.49852	7.26425	7.29612	6.39817	3.78389	6.58135	2.98308	4.57406	8.78526	7.15532	7.95416	11.08487	7.69369	5.0439	15.80041	20.97087	18.73419	19.30081	17.44693	6.16086	3.76119	3.35502	2.75675	9.06966	9.85323	12.90368	4.03585	5.67932	3.83033	8.05913	12.16116	2.60045	5.87627	2.59194	3.21311	4.80946	5.01551	1.35627	3.60777	5.48189	4.39155	19.05059	9.8242	8.8967	8.29336	12.84944	4.80797	5.60241	8.25417	11.54075	1.37467	5.00707	3.16441	2.69816	7.81361	6.68543	5.94317	7.94669	10.87883	9.85671	7.49178	4.89203	7.53421	8.58222	7.00363	9.07511	7.86258	3.36783	4.93389	6.4512	5.26547	5.63131	6.79301	2.3962	6.51138	6.77748	7.64317	2.67977	8.31118	4.20828	14.2623	7.28568	10.57978	10.08843	7.30907	5.99367	7.26418	5.9494	8.05101	8.42631	11.00455	8.52577	18.43237	6.90522	4.12207	8.2397	2.19535	7.68689	6.26859	6.19102	7.91645	5.72462	4.58171	5.62604	8.20107	3.89366	5.56565	6.20202	9.56094	11.08821	13.36079	7.54084	5.06035	6.29191	16.91381	8.1077	9.66242	14.76316	16.21117	6.44604	3.75037	7.21636	1.5714	9.54297	3.42462	11.06275	2.99258	8.92932	9.3961	6.11556	5.16841	7.91451	5.67891	7.05101	8.1285	20.5803	5.75012	19.43092	6.53345	18.43333	8.55427	3.92439	6.87752	7.42631	10.54257	6.43056	9.02436	4.26237	6.81812	7.22486	10.15778	7.54512	1.50336	6.93372	3.28336	3.34199	4.32365	7.58826	6.09298	4.26565	3.68535	10.11061	7.45503	7.38846	7.48924	6.52716	8.65155	7.20308	5.92439	3.35861	5.76703	6.56098	8.36453	7.35565	6.01163	6.62833	8.0019	2.35889	6.90063	7.78289	5.75003	5.48957	2.72328	5.8184	5.84826	5.4156	10.77518	7.79131	5.52381	8.97104	7.55721	8.62087	2.48701	1.43061	5.91411	11.96431	6.2315	6.79932	9.24612	6.50028	7.94365	7.87439	9.54357	4.0385	2.92495	15.50452	6.26895	9.75302	10.08282	6.523	4.79168	7.48836	4.96451	3.12209	10.68957	6.42002	3.69654	5.14509	9.22183	2.75051	8.17129	11.16029	5.66729	8.38863	3.72896	4.06297	5.89254	6.93022	5.62149	8.89112	6.57477	5.49819	8.29668	6.84755	8.34725	5.86843	3.52386	6.72662	4.31465	3.44826	3.97425	1.42177	3.37316	5.91389	8.38128	9.01377	10.08988	4.09201	11.00975	5.21011	8.85158	10.63045	7.12982	25.94967	6.84955	7.10669	8.30428	6.09544	4.21369	4.23448	5.81421	8.87019	10.46107	8.24953	10.29385	2.37609	5.65322	4.01634	6.2485	7.58935	8.41727	4.27158	4.86088	6.40695	5.72391	6.8023	11.68986	17.38772	5.34252	6.20123	1.11204	9.34041	5.31546	4.0801	19.56182	6.61378	10.22441	5.79879	3.70498	5.39458	6.31952	6.79321	12.71153	6.73992	6.59029	8.6961
step2_200_2000_5.0_77285.xyz_3	6.32106	4.56492	4.45107	6.97457	7.2085	6.44989	6.11586	7.26407	6.51854	5.68169	3.63257	11.02086	9.4543	7.66463	7.17208	6.17152	4.03699	6.35101	3.00323	3.77652	8.82373	6.79251	7.71561	6.34761	7.78652	4.83953	15.67295	21.54352	20.43215	20.89859	18.49958	4.75951	3.63381	3.78757	4.05088	10.35977	7.96238	10.31729	3.93957	5.87257	3.11679	8.72607	1.53311	6.95029	5.75774	2.07902	4.54942	4.40079	4.73019	1.94425	3.73251	5.26945	3.85543	9.89207	10.49249	8.4276	8.93891	15.74827	3.84718	4.61008	9.48087	10.16135	2.58695	5.25825	4.19785	2.54665	7.73299	5.85319	4.89448	8.48204	8.61655	11.31901	7.22596	4.15927	7.08886	7.01269	7.02202	6.88266	7.00469	4.10425	4.60717	5.47875	4.82388	6.22734	8.32779	0.77446	6.1587	6.81569	7.67145	1.75483	9.1486	4.11625	17.35383	6.79494	5.37842	11.30516	8.3041	6.53387	7.48662	5.41633	8.23762	9.28738	11.04336	7.21688	6.2125	6.43554	5.35261	8.18329	3.27088	8.28638	6.23778	6.84073	6.76686	5.50361	4.58367	3.26016	8.1773	11.34505	6.47133	5.67519	8.13587	8.23147	9.6875	5.89807	6.85161	4.46743	7.74738	6.83224	10.62188	18.79344	16.63537	7.66239	2.69102	3.1708	3.28439	9.37848	4.65899	8.77762	2.14137	8.33293	9.81762	6.02273	3.05834	8.88208	5.85357	4.02782	7.95843	20.5121	5.24165	20.8651	5.26916	20.78235	8.48393	14.08077	1.09039	4.8976	6.34476	6.35437	10.89387	6.08184	6.03101	7.36224	8.67646	8.73445	1.1151	6.02257	3.54601	4.19306	13.44137	8.61742	6.51451	4.95694	13.61414	9.5322	7.35196	7.38784	8.25265	5.2869	9.72118	7.88324	6.3059	3.19551	6.05276	7.01244	8.39734	6.53349	5.25809	13.69335	8.59965	4.32675	6.6748	6.48008	5.44139	5.87292	2.64874	7.01178	18.21165	4.89694	10.00236	7.2497	5.68779	8.30563	7.68133	10.15052	1.95373	2.60417	5.57664	9.11455	6.67169	6.69745	7.86008	6.55963	7.58642	7.03569	8.24707	5.36146	10.78024	9.52336	6.38533	7.51177	10.59147	6.84982	14.03784	9.11555	4.62682	13.67109	5.92627	6.51204	4.36213	3.93367	8.90198	2.23055	7.54109	5.90163	5.4536	8.71144	4.4165	4.57654	5.67106	6.71972	6.18094	9.17523	5.73988	4.13325	8.89084	5.87204	8.99561	6.84233	2.84479	6.6105	4.245	5.04345	3.73579	3.47154	10.39471	5.73781	7.18256	9.69454	9.43353	4.6027	10.74053	13.00513	7.51851	8.89911	8.63589	24.38219	5.43596	6.01428	6.91651	6.98287	2.69876	4.48529	7.87201	8.87005	12.12437	8.08087	9.56643	1.91401	5.27928	3.2396	7.43755	6.97758	8.64786	4.1324	5.57562	6.26822	2.10252	7.3709	11.11671	1.22548	5.05569	6.74241	1.92402	8.97054	3.41556	2.75557	19.92129	6.13583	7.65868	4.75464	3.51288	6.47184	2.44965	5.95067	6.79844	6.83232	7.72784	6.37903
step2_200_2000_5.0_85412.xyz_3	5.70605	5.0628	3.09524	6.7952	6.89328	10.61661	5.93186	5.9904	6.3636	5.27726	3.35486	7.39059	19.37533	21.93514	7.26507	15.61143	3.18046	6.75681	3.24696	3.50336	8.35638	15.97083	9.87965	5.90764	8.07002	6.92485	17.59892	22.14677	20.04967	20.97165	18.74654	6.62842	3.32852	3.49323	3.32016	8.47477	8.37138	9.36353	3.05347	6.65712	3.25996	7.99006	1.41188	8.56103	7.20895	2.39987	2.65405	4.80722	4.41568	0.93159	3.59692	5.41227	4.03289	9.16855	10.67431	8.11025	9.53501	15.54129	6.09453	14.72283	8.54971	10.86884	3.19667	4.84339	4.42578	2.90121	7.27423	5.71933	5.48651	8.09266	9.18204	9.43548	7.22214	4.19464	15.30655	9.05334	8.59726	8.22195	7.81607	3.93261	5.62631	5.18565	3.3924	6.42197	6.43927	0.91982	6.01853	6.13028	7.46964	1.60541	8.51613	2.46146	16.50595	15.93807	9.65128	9.64956	6.13884	6.09066	7.27242	5.45839	8.17268	8.23897	11.03426	7.95911	12.52817	6.11668	5.99371	8.13305	2.03909	7.78215	6.67839	7.12697	7.74797	14.1971	3.67666	3.40458	8.18698	2.56863	4.77095	5.28231	8.27308	10.43761	9.6213	6.82127	3.25678	5.88696	8.74984	7.75781	10.07431	16.52381	18.35441	6.26238	1.97636	2.47105	3.07897	9.25476	2.05809	9.33659	1.50311	8.05	8.44992	5.94088	5.6037	8.30772	5.63075	3.73648	9.14444	21.17224	5.28586	20.497	5.75621	20.57561	8.47994	3.7287	1.26972	5.4068	5.61656	6.86671	9.4937	5.30267	5.71256	6.93986	8.96963	7.42638	2.11049	6.39644	2.85102	2.73386	5.9559	7.32727	6.71838	4.12895	4.6748	9.3732	6.90351	7.23084	7.89112	5.97968	10.95771	7.32409	7.15882	4.25965	6.20415	7.20322	8.44599	7.90264	5.66514	6.46226	8.71582	5.41285	6.0278	9.62228	7.23693	5.89637	3.41996	7.15785	6.39356	6.1412	11.65786	6.72277	6.43516	9.50817	7.50995	9.56529	2.71058	2.09946	5.64488	8.12975	6.45187	7.92265	8.44085	6.47305	7.90432	7.35417	9.48565	4.75403	5.23114	8.36823	6.08575	6.90779	11.24291	6.62825	5.79006	7.814	3.50333	2.30273	6.20242	6.92624	3.22502	4.59332	8.13526	2.77428	8.27918	7.0657	5.99418	9.50586	4.46431	3.99213	6.18117	6.06592	17.0661	10.1534	14.39119	3.98495	8.33876	5.63692	8.12731	5.25198	3.18588	6.72435	4.09669	2.80927	2.12251	4.51768	1.85945	6.43442	8.51701	9.24109	9.72631	5.06986	10.38584	5.65809	8.29471	9.66901	7.45688	24.76378	6.70347	6.13735	7.52562	6.15965	3.22227	10.88903	6.06197	7.35309	11.39802	8.1061	9.84799	2.62996	4.70428	3.89668	4.99816	6.86597	9.27012	4.39077	17.61728	6.30484	2.53521	7.93676	10.77585	1.19332	5.07264	6.43714	1.85774	8.88717	3.69579	4.56839	19.27102	6.81091	12.41519	4.88222	15.74918	6.65815	3.15878	5.27801	6.47155	7.08557	6.74243	5.93599
step2_200_2000_5.0_86398.xyz_3	7.06799	4.83361	3.24526	7.48716	6.75431	6.99597	6.23877	6.30051	6.56681	5.12559	4.26333	8.44294	10.616	8.6941	6.84024	8.50216	2.90578	8.39793	3.19247	4.06927	7.6564	6.62433	8.45584	6.86024	8.4114	6.69597	17.54027	21.38387	21.2106	21.49389	19.10465	5.04637	9.99047	4.04819	4.02102	9.22886	6.06644	9.26789	3.01122	5.74414	4.0163	13.33445	3.83687	1.72689	5.8492	4.59153	5.35245	4.92007	7.56508	2.41491	3.715	5.30103	2.52087	9.92097	8.66492	7.18219	9.05481	16.61063	4.7961	2.91326	9.04558	10.41874	2.29236	5.09023	3.21818	3.81916	7.03189	9.74335	5.37466	8.21482	9.48533	10.71976	6.51415	4.5831	7.24911	7.98139	8.10653	5.44943	16.57065	6.04692	5.64431	5.57866	4.09569	6.04915	5.47675	2.66639	6.18571	15.35936	7.68307	1.81353	8.83875	5.62034	17.52631	7.9818	6.38256	9.88647	9.49292	6.17201	7.58265	5.87763	7.30369	7.9773	14.61004	8.69662	7.78687	6.95231	14.07399	8.31968	1.71748	7.77583	5.93349	6.63799	10.55248	5.60424	5.34837	3.48557	8.93143	5.75584	8.37919	6.99382	7.04214	8.48381	10.01157	8.92466	4.54387	6.05161	9.32594	8.2177	7.68459	17.2628	15.45662	5.97199	3.53501	4.1175	1.41514	9.25001	4.43885	8.07127	2.98772	8.04102	7.78737	6.49897	2.08658	13.8183	5.96139	4.14084	10.41781	19.6523	4.93759	20.14432	6.40853	19.32518	15.30253	3.64026	2.13149	16.74401	8.11316	5.94243	9.77827	4.13764	6.33498	6.72646	10.78595	9.96224	2.5144	5.6445	2.02114	1.79577	4.49522	6.94352	6.42818	4.18643	5.76278	9.01473	7.03064	12.52581	7.10271	16.02626	10.46783	7.37663	5.98424	3.77178	5.92605	6.19913	8.10425	8.18689	6.25378	5.93401	8.17323	3.98899	6.35042	6.26006	6.2581	5.152	3.49781	8.02216	4.75755	5.05653	10.2178	6.95923	5.76793	9.02109	7.21172	8.88895	1.94008	2.36063	7.37007	8.37212	5.70845	7.72387	9.0534	6.8757	8.11748	7.60558	8.95067	5.59952	4.50936	9.04147	5.88709	7.18069	11.17157	6.44955	3.30665	7.27001	4.18276	3.14121	6.33609	5.75273	5.85257	3.49172	8.7286	1.69215	7.62621	5.45893	6.86421	8.41971	5.30547	5.73535	5.08232	7.01783	3.12234	9.66069	4.90866	3.6684	8.50172	5.12489	8.61368	4.80874	3.16754	7.21322	4.73804	3.86228	3.0397	3.33758	3.96826	6.62001	8.28382	8.40883	9.04708	5.62672	10.56321	5.24113	7.56638	8.75475	7.76599	24.5051	4.63683	7.39536	8.29981	7.01063	3.57196	3.53909	4.86301	8.02161	12.12666	8.01669	10.41887	2.44476	4.08326	3.49537	7.25833	8.06873	9.07227	5.08429	4.62003	6.2255	2.71526	6.16194	11.5808	2.4169	5.79157	6.87982	2.13459	9.78396	4.5349	4.74681	20.54173	7.70487	9.6053	7.00532	2.68349	5.59166	2.65276	6.05319	6.61187	6.81599	6.4033	5.49936
step2_200_2000_5.0_86498.xyz_3	5.64581	5.09355	4.05432	6.14388	6.4644	6.15939	5.46545	5.26217	6.18267	5.94186	4.30326	8.11491	9.36533	7.41705	7.44407	5.91186	4.21754	5.98734	3.80061	3.73894	8.73997	6.21744	7.89663	5.72019	7.66493	4.92242	16.83312	22.95531	21.12483	21.3322	17.18554	5.3704	3.87833	3.66072	3.45344	9.52899	7.79842	9.20955	2.86365	5.5156	3.38358	8.07518	1.44609	3.24365	7.07796	2.19463	4.03717	4.77845	4.77092	2.29915	4.20857	6.22494	4.14757	8.82761	9.77449	7.87633	8.18642	14.53481	4.13841	4.01279	9.15091	10.40237	1.37943	4.78991	3.38939	1.78955	8.48283	5.67706	5.01791	7.54788	10.28637	10.16447	7.19994	4.43659	7.66334	9.14274	5.90034	7.08181	7.32283	4.43958	5.17341	5.60694	4.95588	5.42501	6.69533	0.70196	6.19675	6.18296	8.04704	2.32045	8.79505	3.25871	16.70758	6.84477	6.10205	9.44845	6.63562	6.04795	7.16092	5.16412	7.76804	8.39803	9.65135	8.04554	6.84215	6.13354	1.99269	8.57625	1.24714	7.54767	5.77977	6.62787	7.88121	4.84304	4.11304	3.19509	8.23241	3.1377	6.41342	6.97204	7.71663	10.05598	8.93737	7.23064	6.11632	5.6984	9.57392	5.99956	8.29991	15.16221	16.16313	5.80034	3.10252	3.23151	2.93397	9.4791	3.84248	10.10263	2.62445	7.85252	10.47776	6.88991	3.9109	7.01379	5.71147	3.91499	8.28212	20.81874	5.20732	20.31543	6.27063	19.06157	7.96723	3.24926	1.22002	5.08683	6.29914	5.8268	9.84546	3.77242	5.97959	7.30292	8.54569	8.6116	3.00327	6.16605	1.4223	3.21249	3.86355	7.63091	6.09732	3.75534	3.42555	9.45562	7.99788	7.32566	7.81658	4.67772	10.67179	7.23861	6.1814	2.46589	6.02265	6.24687	8.21056	6.0184	5.29085	7.71606	7.16862	2.10324	5.30459	5.78794	5.57795	5.58093	3.13222	6.65581	5.22362	5.04191	10.82595	7.32186	7.28503	9.07844	8.15172	9.68904	1.39707	1.47588	5.44645	8.18741	6.04845	6.62573	9.26496	6.29827	6.6308	6.57825	8.45521	4.4712	1.98778	9.18897	6.35795	6.55083	10.7352	6.84213	5.63246	8.23391	4.65724	2.49536	5.37924	6.6337	4.56774	3.80505	8.93654	3.0828	8.7019	5.34518	5.31005	9.29186	3.90702	3.67873	6.16587	7.5606	8.05072	8.74918	6.35121	4.62493	8.96178	6.48615	8.22832	5.69505	3.26756	6.4594	5.97254	2.80678	3.71424	2.25273	3.71485	5.88686	7.82534	9.55087	9.6489	4.41593	10.70005	5.75296	8.34817	8.45251	7.88003	24.14904	7.1484	6.98848	7.66241	6.0465	2.6239	4.59742	6.92238	9.03811	11.19442	8.09861	10.77109	1.30613	4.66887	4.26522	6.57437	6.90116	9.03771	4.66393	3.97727	6.3585	2.18799	5.45739	11.05732	1.8194	5.5602	6.35928	2.81817	8.70747	3.48269	2.82449	21.34031	7.25834	13.7695	6.8652	2.33692	6.34536	3.84906	5.34462	6.4508	6.91177	6.32539	6.34585
